Generation,Sequence,Fitness,Score,World,Stage,X Position
1,1,2970.0,0,1,1,594
1,2,2970.0,0,1,1,594
1,3,2970.0,0,1,1,594
1,4,2980.0,100,1,1,594
1,5,2970.0,0,1,1,594
1,6,2980.0,100,1,1,594
1,7,2980.0,100,1,1,594
1,8,1465.0,0,1,1,293
1,9,1580.0,0,1,1,316
1,10,2980.0,100,1,1,594
1,11,2970.0,0,1,1,594
1,12,3620.0,100,1,1,722
1,13,2980.0,100,1,1,594
1,14,1515.0,0,1,1,303
1,15,2970.0,0,1,1,594
1,16,2980.0,100,1,1,594
1,17,2980.0,100,1,1,594
1,18,1505.0,0,1,1,301
1,19,2965.0,0,1,1,593
1,20,1475.0,0,1,1,295
1,21,3000.0,200,1,1,594
1,22,3000.0,200,1,1,594
1,23,2995.0,200,1,1,593
1,24,2975.0,100,1,1,593
1,25,2970.0,0,1,1,594
1,26,2970.0,0,1,1,594
1,27,1485.0,0,1,1,297
1,28,2970.0,0,1,1,594
1,29,2980.0,100,1,1,594
1,30,2980.0,100,1,1,594
1,31,1485.0,0,1,1,297
1,32,2970.0,0,1,1,594
1,33,2980.0,100,1,1,594
1,34,2970.0,0,1,1,594
1,35,1535.0,0,1,1,307
1,36,1520.0,0,1,1,304
1,37,2965.0,0,1,1,593
1,38,2970.0,0,1,1,594
1,39,2970.0,0,1,1,594
1,40,1540.0,200,1,1,302
2,1,2980.0,100,1,1,594
2,2,2970.0,0,1,1,594
2,3,2970.0,0,1,1,594
2,4,3000.0,200,1,1,594
2,5,1540.0,0,1,1,308
2,6,1565.0,0,1,1,313
2,7,1465.0,0,1,1,293
2,8,3000.0,200,1,1,594
2,9,2970.0,0,1,1,594
2,10,2970.0,0,1,1,594
2,11,3010.0,300,1,1,594
2,12,2975.0,100,1,1,593
2,13,2980.0,100,1,1,594
2,14,3620.0,100,1,1,722
2,15,2970.0,0,1,1,594
2,16,3660.0,400,1,1,722
2,17,1480.0,0,1,1,296
2,18,2965.0,0,1,1,593
2,19,2970.0,0,1,1,594
2,20,3000.0,200,1,1,594
2,21,2980.0,100,1,1,594
2,22,2980.0,100,1,1,594
2,23,3005.0,300,1,1,593
2,24,3630.0,200,1,1,722
2,25,2970.0,0,1,1,594
2,26,2980.0,100,1,1,594
2,27,2980.0,100,1,1,594
2,28,2980.0,100,1,1,594
2,29,2970.0,0,1,1,594
2,30,2980.0,100,1,1,594
2,31,2995.0,200,1,1,593
2,32,3000.0,200,1,1,594
2,33,3000.0,200,1,1,594
2,34,3000.0,200,1,1,594
2,35,2970.0,0,1,1,594
2,36,2970.0,0,1,1,594
2,37,2980.0,100,1,1,594
2,38,2980.0,100,1,1,594
2,39,2980.0,100,1,1,594
2,40,2995.0,200,1,1,593
3,1,1510.0,0,1,1,302
3,2,2970.0,0,1,1,594
3,3,3620.0,100,1,1,722
3,4,3630.0,200,1,1,722
3,5,3620.0,100,1,1,722
3,6,3070.0,1000,1,1,594
3,7,2970.0,0,1,1,594
3,8,2980.0,100,1,1,594
3,9,2970.0,0,1,1,594
3,10,1550.0,0,1,1,310
3,11,1475.0,0,1,1,295
3,12,3010.0,300,1,1,594
3,13,2980.0,100,1,1,594
3,14,3620.0,100,1,1,722
3,15,1495.0,0,1,1,299
3,16,3010.0,300,1,1,594
3,17,2995.0,200,1,1,593
3,18,3000.0,200,1,1,594
3,19,3610.0,0,1,1,722
3,20,3630.0,200,1,1,722
3,21,2970.0,0,1,1,594
3,22,3010.0,300,1,1,594
3,23,1490.0,0,1,1,298
3,24,3620.0,100,1,1,722
3,25,1490.0,0,1,1,298
3,26,3630.0,200,1,1,722
3,27,2980.0,100,1,1,594
3,28,3370.0,0,1,1,674
3,29,2970.0,0,1,1,594
3,30,2980.0,100,1,1,594
3,31,3630.0,200,1,1,722
3,32,3000.0,200,1,1,594
3,33,3615.0,100,1,1,721
3,34,2970.0,0,1,1,594
3,35,2970.0,0,1,1,594
3,36,3630.0,200,1,1,722
3,37,2980.0,100,1,1,594
3,38,3620.0,100,1,1,722
3,39,3630.0,200,1,1,722
3,40,3620.0,100,1,1,722
4,1,2965.0,0,1,1,593
4,2,1570.0,0,1,1,314
4,3,2965.0,0,1,1,593
4,4,3000.0,200,1,1,594
4,5,3620.0,100,1,1,722
4,6,3620.0,100,1,1,722
4,7,2970.0,0,1,1,594
4,8,2980.0,100,1,1,594
4,9,2965.0,0,1,1,593
4,10,1465.0,0,1,1,293
4,11,2965.0,0,1,1,593
4,12,1540.0,0,1,1,308
4,13,2970.0,0,1,1,594
4,14,3630.0,200,1,1,722
4,15,3720.0,1100,1,1,722
4,16,2980.0,100,1,1,594
4,17,3375.0,100,1,1,673
4,18,2970.0,0,1,1,594
4,19,1485.0,0,1,1,297
4,20,1505.0,0,1,1,301
4,21,1485.0,0,1,1,297
4,22,3620.0,100,1,1,722
4,23,3010.0,300,1,1,594
4,24,2980.0,100,1,1,594
4,25,3630.0,200,1,1,722
4,26,3630.0,200,1,1,722
4,27,3005.0,300,1,1,593
4,28,2980.0,100,1,1,594
4,29,3720.0,1100,1,1,722
4,30,3620.0,100,1,1,722
4,31,3615.0,100,1,1,721
4,32,2980.0,100,1,1,594
4,33,3010.0,300,1,1,594
4,34,3620.0,100,1,1,722
4,35,2970.0,0,1,1,594
4,36,2995.0,200,1,1,593
4,37,3620.0,100,1,1,722
4,38,2970.0,0,1,1,594
4,39,2970.0,0,1,1,594
4,40,2980.0,100,1,1,594
5,1,2970.0,0,1,1,594
5,2,3435.0,0,1,1,687
5,3,2970.0,0,1,1,594
5,4,2970.0,0,1,1,594
5,5,3000.0,200,1,1,594
5,6,3630.0,200,1,1,722
5,7,3630.0,200,1,1,722
5,8,2980.0,100,1,1,594
5,9,2980.0,100,1,1,594
5,10,2970.0,0,1,1,594
5,11,2975.0,100,1,1,593
5,12,3615.0,100,1,1,721
5,13,2980.0,100,1,1,594
5,14,3610.0,0,1,1,722
5,15,2980.0,100,1,1,594
5,16,1480.0,0,1,1,296
5,17,2980.0,100,1,1,594
5,18,2970.0,0,1,1,594
5,19,2980.0,100,1,1,594
5,20,3620.0,100,1,1,722
5,21,2970.0,0,1,1,594
5,22,2970.0,0,1,1,594
5,23,2980.0,100,1,1,594
5,24,3630.0,200,1,1,722
5,25,3610.0,0,1,1,722
5,26,2980.0,100,1,1,594
5,27,1525.0,0,1,1,305
5,28,2975.0,100,1,1,593
5,29,3620.0,100,1,1,722
5,30,2970.0,0,1,1,594
5,31,2980.0,100,1,1,594
5,32,2970.0,0,1,1,594
5,33,3620.0,100,1,1,722
5,34,3620.0,100,1,1,722
5,35,3720.0,1100,1,1,722
5,36,3535.0,0,1,1,707
5,37,3630.0,200,1,1,722
5,38,2965.0,0,1,1,593
5,39,3610.0,0,1,1,722
5,40,3720.0,1100,1,1,722
6,1,3630.0,200,1,1,722
6,2,2970.0,0,1,1,594
6,3,2980.0,100,1,1,594
6,4,2980.0,100,1,1,594
6,5,2970.0,0,1,1,594
6,6,1470.0,0,1,1,294
6,7,3630.0,200,1,1,722
6,8,3630.0,200,1,1,722
6,9,2970.0,0,1,1,594
6,10,3630.0,200,1,1,722
6,11,2970.0,0,1,1,594
6,12,3630.0,200,1,1,722
6,13,2980.0,100,1,1,594
6,14,3000.0,200,1,1,594
6,15,2970.0,0,1,1,594
6,16,3620.0,100,1,1,722
6,17,3630.0,200,1,1,722
6,18,2980.0,100,1,1,594
6,19,3070.0,1000,1,1,594
6,20,2980.0,100,1,1,594
6,21,3070.0,1000,1,1,594
6,22,3610.0,0,1,1,722
6,23,2970.0,0,1,1,594
6,24,3620.0,100,1,1,722
6,25,3720.0,1100,1,1,722
6,26,2980.0,100,1,1,594
6,27,1500.0,0,1,1,300
6,28,3065.0,1000,1,1,593
6,29,1515.0,0,1,1,303
6,30,2965.0,0,1,1,593
6,31,2970.0,0,1,1,594
6,32,1495.0,0,1,1,299
6,33,2980.0,100,1,1,594
6,34,3620.0,100,1,1,722
6,35,3380.0,100,1,1,674
6,36,2970.0,0,1,1,594
6,37,2970.0,0,1,1,594
6,38,2980.0,100,1,1,594
6,39,2980.0,100,1,1,594
6,40,2980.0,100,1,1,594
7,1,2970.0,0,1,1,594
7,2,3070.0,1000,1,1,594
7,3,3620.0,100,1,1,722
7,4,2970.0,0,1,1,594
7,5,2980.0,100,1,1,594
7,6,1470.0,0,1,1,294
7,7,2970.0,0,1,1,594
7,8,3620.0,100,1,1,722
7,9,3385.0,100,1,1,675
7,10,2980.0,100,1,1,594
7,11,3620.0,100,1,1,722
7,12,3610.0,0,1,1,722
7,13,3620.0,100,1,1,722
7,14,2970.0,0,1,1,594
7,15,2970.0,0,1,1,594
7,16,2970.0,0,1,1,594
7,17,3630.0,200,1,1,722
7,18,3630.0,200,1,1,722
7,19,1495.0,0,1,1,299
7,20,2980.0,100,1,1,594
7,21,2980.0,100,1,1,594
7,22,3630.0,200,1,1,722
7,23,3000.0,200,1,1,594
7,24,2980.0,100,1,1,594
7,25,3630.0,200,1,1,722
7,26,2970.0,0,1,1,594
7,27,3630.0,200,1,1,722
7,28,2970.0,0,1,1,594
7,29,2970.0,0,1,1,594
7,30,2980.0,100,1,1,594
7,31,2970.0,0,1,1,594
7,32,2970.0,0,1,1,594
7,33,2970.0,0,1,1,594
7,34,2970.0,0,1,1,594
7,35,2980.0,100,1,1,594
7,36,1545.0,0,1,1,309
7,37,2980.0,100,1,1,594
7,38,3000.0,200,1,1,594
7,39,1525.0,0,1,1,305
7,40,3610.0,0,1,1,722
8,1,2965.0,0,1,1,593
8,2,3620.0,100,1,1,722
8,3,3620.0,100,1,1,722
8,4,2980.0,100,1,1,594
8,5,2980.0,100,1,1,594
8,6,3630.0,200,1,1,722
8,7,3625.0,200,1,1,721
8,8,2980.0,100,1,1,594
8,9,2980.0,100,1,1,594
8,10,3625.0,200,1,1,721
8,11,2970.0,0,1,1,594
8,12,3630.0,200,1,1,722
8,13,2975.0,100,1,1,593
8,14,2980.0,100,1,1,594
8,15,2980.0,100,1,1,594
8,16,3630.0,200,1,1,722
8,17,2970.0,0,1,1,594
8,18,3620.0,100,1,1,722
8,19,2980.0,100,1,1,594
8,20,3620.0,100,1,1,722
8,21,3500.0,100,1,1,698
8,22,2980.0,100,1,1,594
8,23,3300.0,100,1,1,658
8,24,2980.0,100,1,1,594
8,25,1490.0,0,1,1,298
8,26,1470.0,0,1,1,294
8,27,3530.0,100,1,1,704
8,28,3630.0,200,1,1,722
8,29,3630.0,200,1,1,722
8,30,3610.0,0,1,1,722
8,31,3630.0,200,1,1,722
8,32,2980.0,100,1,1,594
8,33,3620.0,100,1,1,722
8,34,3630.0,200,1,1,722
8,35,3630.0,200,1,1,722
8,36,3070.0,1000,1,1,594
8,37,2970.0,0,1,1,594
8,38,3465.0,100,1,1,691
8,39,3720.0,1100,1,1,722
8,40,3620.0,100,1,1,722
9,1,2980.0,100,1,1,594
9,2,3630.0,200,1,1,722
9,3,2975.0,100,1,1,593
9,4,2980.0,100,1,1,594
9,5,3630.0,200,1,1,722
9,6,3000.0,200,1,1,594
9,7,3630.0,200,1,1,722
9,8,3070.0,1000,1,1,594
9,9,3610.0,0,1,1,722
9,10,3525.0,100,1,1,703
9,11,2970.0,0,1,1,594
9,12,2980.0,100,1,1,594
9,13,3070.0,1000,1,1,594
9,14,2980.0,100,1,1,594
9,15,3620.0,100,1,1,722
9,16,3720.0,1100,1,1,722
9,17,3620.0,100,1,1,722
9,18,2980.0,100,1,1,594
9,19,2980.0,100,1,1,594
9,20,3630.0,200,1,1,722
9,21,2980.0,100,1,1,594
9,22,3620.0,100,1,1,722
9,23,3630.0,200,1,1,722
9,24,2980.0,100,1,1,594
9,25,3660.0,400,1,1,722
9,26,2980.0,100,1,1,594
9,27,3720.0,1100,1,1,722
9,28,3630.0,200,1,1,722
9,29,2970.0,0,1,1,594
9,30,2980.0,100,1,1,594
9,31,2980.0,100,1,1,594
9,32,3630.0,200,1,1,722
9,33,2970.0,0,1,1,594
9,34,2980.0,100,1,1,594
9,35,2970.0,0,1,1,594
9,36,2980.0,100,1,1,594
9,37,3630.0,200,1,1,722
9,38,2980.0,100,1,1,594
9,39,2970.0,0,1,1,594
9,40,2980.0,100,1,1,594
10,1,2970.0,0,1,1,594
10,2,2970.0,0,1,1,594
10,3,2970.0,0,1,1,594
10,4,2980.0,100,1,1,594
10,5,2980.0,100,1,1,594
10,6,1485.0,0,1,1,297
10,7,2965.0,0,1,1,593
10,8,3630.0,200,1,1,722
10,9,3720.0,1100,1,1,722
10,10,2970.0,0,1,1,594
10,11,3660.0,400,1,1,722
10,12,3620.0,100,1,1,722
10,13,3720.0,1100,1,1,722
10,14,2980.0,100,1,1,594
10,15,2970.0,0,1,1,594
10,16,2980.0,100,1,1,594
10,17,2970.0,0,1,1,594
10,18,3630.0,200,1,1,722
10,19,1520.0,0,1,1,304
10,20,2980.0,100,1,1,594
10,21,3070.0,1000,1,1,594
10,22,2980.0,100,1,1,594
10,23,1505.0,0,1,1,301
10,24,1505.0,0,1,1,301
10,25,2980.0,100,1,1,594
10,26,3505.0,0,1,1,701
10,27,3620.0,100,1,1,722
10,28,2970.0,0,1,1,594
10,29,2980.0,100,1,1,594
10,30,2980.0,100,1,1,594
10,31,2970.0,0,1,1,594
10,32,3660.0,400,1,1,722
10,33,2980.0,100,1,1,594
10,34,2980.0,100,1,1,594
10,35,3010.0,300,1,1,594
10,36,2980.0,100,1,1,594
10,37,2980.0,100,1,1,594
10,38,3630.0,200,1,1,722
10,39,3720.0,1100,1,1,722
10,40,3620.0,100,1,1,722
11,1,3630.0,200,1,1,722
11,2,3660.0,400,1,1,722
11,3,3660.0,400,1,1,722
11,4,3010.0,300,1,1,594
11,5,1490.0,0,1,1,298
11,6,3630.0,200,1,1,722
11,7,3610.0,0,1,1,722
11,8,3650.0,300,1,1,722
11,9,1485.0,0,1,1,297
11,10,3630.0,200,1,1,722
11,11,3630.0,200,1,1,722
11,12,3650.0,300,1,1,722
11,13,2980.0,100,1,1,594
11,14,3620.0,100,1,1,722
11,15,2980.0,100,1,1,594
11,16,3620.0,100,1,1,722
11,17,2980.0,100,1,1,594
11,18,3525.0,0,1,1,705
11,19,3620.0,100,1,1,722
11,20,3630.0,200,1,1,722
11,21,3070.0,1000,1,1,594
11,22,2980.0,100,1,1,594
11,23,3660.0,400,1,1,722
11,24,3720.0,1100,1,1,722
11,25,3620.0,100,1,1,722
11,26,2970.0,0,1,1,594
11,27,3710.0,1000,1,1,722
11,28,3630.0,200,1,1,722
11,29,3620.0,100,1,1,722
11,30,3620.0,100,1,1,722
11,31,3620.0,100,1,1,722
11,32,2970.0,0,1,1,594
11,33,3065.0,1000,1,1,593
11,34,2980.0,100,1,1,594
11,35,2980.0,100,1,1,594
11,36,3620.0,100,1,1,722
11,37,3630.0,200,1,1,722
11,38,3620.0,100,1,1,722
11,39,3010.0,300,1,1,594
11,40,3620.0,100,1,1,722
12,1,3660.0,400,1,1,722
12,2,3010.0,300,1,1,594
12,3,3630.0,200,1,1,722
12,4,3630.0,200,1,1,722
12,5,3650.0,300,1,1,722
12,6,3630.0,200,1,1,722
12,7,3610.0,0,1,1,722
12,8,3630.0,200,1,1,722
12,9,3000.0,200,1,1,594
12,10,3660.0,400,1,1,722
12,11,3630.0,200,1,1,722
12,12,1515.0,0,1,1,303
12,13,3640.0,200,1,1,722
12,14,3660.0,400,1,1,722
12,15,3010.0,300,1,1,594
12,16,3630.0,200,1,1,722
12,17,3610.0,0,1,1,722
12,18,3620.0,100,1,1,722
12,19,3455.0,100,1,1,689
12,20,2980.0,100,1,1,594
12,21,3630.0,200,1,1,722
12,22,3710.0,1000,1,1,722
12,23,2980.0,100,1,1,594
12,24,3505.0,0,1,1,701
12,25,3650.0,300,1,1,722
12,26,3630.0,200,1,1,722
12,27,3010.0,300,1,1,594
12,28,3610.0,0,1,1,722
12,29,3620.0,100,1,1,722
12,30,3630.0,200,1,1,722
12,31,3070.0,1000,1,1,594
12,32,3630.0,200,1,1,722
12,33,2970.0,0,1,1,594
12,34,3070.0,1000,1,1,594
12,35,2970.0,0,1,1,594
12,36,2970.0,0,1,1,594
12,37,3630.0,200,1,1,722
12,38,3630.0,200,1,1,722
12,39,3660.0,400,1,1,722
12,40,3620.0,100,1,1,722
13,1,3720.0,1100,1,1,722
13,2,3465.0,0,1,1,693
13,3,3660.0,400,1,1,722
13,4,2980.0,100,1,1,594
13,5,3650.0,300,1,1,722
13,6,3610.0,0,1,1,722
13,7,3360.0,100,1,1,670
13,8,3620.0,100,1,1,722
13,9,3630.0,200,1,1,722
13,10,3660.0,400,1,1,722
13,11,3630.0,200,1,1,722
13,12,3660.0,400,1,1,722
13,13,3610.0,0,1,1,722
13,14,2980.0,100,1,1,594
13,15,3610.0,0,1,1,722
13,16,3620.0,100,1,1,722
13,17,3610.0,0,1,1,722
13,18,3620.0,100,1,1,722
13,19,3710.0,1000,1,1,722
13,20,3660.0,400,1,1,722
13,21,3010.0,300,1,1,594
13,22,2970.0,0,1,1,594
13,23,3660.0,400,1,1,722
13,24,3500.0,100,1,1,698
13,25,3660.0,400,1,1,722
13,26,2965.0,0,1,1,593
13,27,1570.0,0,1,1,314
13,28,3650.0,300,1,1,722
13,29,3660.0,400,1,1,722
13,30,3650.0,300,1,1,722
13,31,3010.0,300,1,1,594
13,32,3720.0,1100,1,1,722
13,33,3610.0,0,1,1,722
13,34,2980.0,100,1,1,594
13,35,2970.0,0,1,1,594
13,36,3720.0,1100,1,1,722
13,37,3660.0,400,1,1,722
13,38,3000.0,200,1,1,594
13,39,3610.0,0,1,1,722
13,40,3710.0,1000,1,1,722
14,1,3710.0,1000,1,1,722
14,2,3345.0,100,1,1,667
14,3,3360.0,100,1,1,670
14,4,3630.0,200,1,1,722
14,5,3610.0,0,1,1,722
14,6,3720.0,1100,1,1,722
14,7,3630.0,200,1,1,722
14,8,3630.0,200,1,1,722
14,9,3720.0,1100,1,1,722
14,10,3720.0,1100,1,1,722
14,11,3630.0,200,1,1,722
14,12,3630.0,200,1,1,722
14,13,3630.0,200,1,1,722
14,14,1490.0,0,1,1,298
14,15,3630.0,200,1,1,722
14,16,3610.0,0,1,1,722
14,17,1460.0,0,1,1,292
14,18,1500.0,0,1,1,300
14,19,2980.0,100,1,1,594
14,20,3620.0,100,1,1,722
14,21,2980.0,100,1,1,594
14,22,3720.0,1100,1,1,722
14,23,1545.0,0,1,1,309
14,24,3710.0,1000,1,1,722
14,25,3720.0,1100,1,1,722
14,26,3720.0,1100,1,1,722
14,27,3630.0,200,1,1,722
14,28,3720.0,1100,1,1,722
14,29,3620.0,100,1,1,722
14,30,3720.0,1100,1,1,722
14,31,3620.0,100,1,1,722
14,32,3660.0,400,1,1,722
14,33,3620.0,100,1,1,722
14,34,2980.0,100,1,1,594
14,35,3630.0,200,1,1,722
14,36,3720.0,1100,1,1,722
14,37,3715.0,1100,1,1,721
14,38,2970.0,0,1,1,594
14,39,3630.0,200,1,1,722
14,40,2970.0,0,1,1,594
15,1,1470.0,0,1,1,294
15,2,3710.0,1000,1,1,722
15,3,3630.0,200,1,1,722
15,4,3620.0,100,1,1,722
15,5,3610.0,0,1,1,722
15,6,1525.0,0,1,1,305
15,7,3620.0,100,1,1,722
15,8,3720.0,1100,1,1,722
15,9,3370.0,0,1,1,674
15,10,3720.0,1100,1,1,722
15,11,3720.0,1100,1,1,722
15,12,2970.0,0,1,1,594
15,13,3630.0,200,1,1,722
15,14,3440.0,100,1,1,686
15,15,3350.0,100,1,1,668
15,16,3620.0,100,1,1,722
15,17,3630.0,200,1,1,722
15,18,3630.0,200,1,1,722
15,19,2980.0,100,1,1,594
15,20,3360.0,0,1,1,672
15,21,3630.0,200,1,1,722
15,22,3630.0,200,1,1,722
15,23,3630.0,200,1,1,722
15,24,3630.0,200,1,1,722
15,25,3065.0,1000,1,1,593
15,26,3395.0,0,1,1,679
15,27,2970.0,0,1,1,594
15,28,3310.0,0,1,1,662
15,29,2970.0,0,1,1,594
15,30,3630.0,200,1,1,722
15,31,1490.0,0,1,1,298
15,32,2970.0,0,1,1,594
15,33,3355.0,100,1,1,669
15,34,3620.0,100,1,1,722
15,35,3620.0,100,1,1,722
15,36,3630.0,200,1,1,722
15,37,3630.0,200,1,1,722
15,38,3070.0,1000,1,1,594
15,39,3630.0,200,1,1,722
15,40,1560.0,0,1,1,312
16,1,3620.0,100,1,1,722
16,2,3720.0,1100,1,1,722
16,3,3720.0,1100,1,1,722
16,4,3720.0,1100,1,1,722
16,5,3630.0,200,1,1,722
16,6,3720.0,1100,1,1,722
16,7,3715.0,1100,1,1,721
16,8,2980.0,100,1,1,594
16,9,2980.0,100,1,1,594
16,10,3070.0,1000,1,1,594
16,11,1475.0,0,1,1,295
16,12,1480.0,0,1,1,296
16,13,3720.0,1100,1,1,722
16,14,3070.0,1000,1,1,594
16,15,3620.0,100,1,1,722
16,16,2970.0,0,1,1,594
16,17,3720.0,1100,1,1,722
16,18,3360.0,100,1,1,670
16,19,3630.0,200,1,1,722
16,20,3400.0,100,1,1,678
16,21,3620.0,100,1,1,722
16,22,3720.0,1100,1,1,722
16,23,3720.0,1100,1,1,722
16,24,3070.0,1000,1,1,594
16,25,1540.0,0,1,1,308
16,26,3620.0,100,1,1,722
16,27,3720.0,1100,1,1,722
16,28,3630.0,200,1,1,722
16,29,3710.0,1000,1,1,722
16,30,3630.0,200,1,1,722
16,31,1475.0,0,1,1,295
16,32,3630.0,200,1,1,722
16,33,2980.0,100,1,1,594
16,34,1525.0,0,1,1,305
16,35,3630.0,200,1,1,722
16,36,3320.0,0,1,1,664
16,37,2980.0,100,1,1,594
16,38,2970.0,0,1,1,594
16,39,3620.0,100,1,1,722
16,40,1510.0,0,1,1,302
17,1,3070.0,1000,1,1,594
17,2,3630.0,200,1,1,722
17,3,3520.0,0,1,1,704
17,4,3620.0,100,1,1,722
17,5,3365.0,0,1,1,673
17,6,3630.0,200,1,1,722
17,7,3630.0,200,1,1,722
17,8,1470.0,0,1,1,294
17,9,3630.0,200,1,1,722
17,10,3720.0,1100,1,1,722
17,11,3620.0,100,1,1,722
17,12,3620.0,100,1,1,722
17,13,1475.0,0,1,1,295
17,14,1505.0,0,1,1,301
17,15,3720.0,1100,1,1,722
17,16,3290.0,0,1,1,658
17,17,3720.0,1100,1,1,722
17,18,3720.0,1100,1,1,722
17,19,3720.0,1100,1,1,722
17,20,3720.0,1100,1,1,722
17,21,3630.0,200,1,1,722
17,22,3720.0,1100,1,1,722
17,23,3720.0,1100,1,1,722
17,24,3720.0,1100,1,1,722
17,25,3515.0,100,1,1,701
17,26,3720.0,1100,1,1,722
17,27,3620.0,100,1,1,722
17,28,3720.0,1100,1,1,722
17,29,2980.0,100,1,1,594
17,30,3715.0,1100,1,1,721
17,31,3620.0,100,1,1,722
17,32,3630.0,200,1,1,722
17,33,2970.0,0,1,1,594
17,34,3630.0,200,1,1,722
17,35,3630.0,200,1,1,722
17,36,1480.0,0,1,1,296
17,37,3620.0,100,1,1,722
17,38,3720.0,1100,1,1,722
17,39,3070.0,1000,1,1,594
17,40,1465.0,0,1,1,293
18,1,3720.0,1100,1,1,722
18,2,3720.0,1100,1,1,722
18,3,3630.0,200,1,1,722
18,4,3720.0,1100,1,1,722
18,5,3720.0,1100,1,1,722
18,6,3720.0,1100,1,1,722
18,7,3720.0,1100,1,1,722
18,8,3365.0,100,1,1,671
18,9,3620.0,100,1,1,722
18,10,3365.0,100,1,1,671
18,11,2970.0,0,1,1,594
18,12,3345.0,0,1,1,669
18,13,3630.0,200,1,1,722
18,14,3720.0,1100,1,1,722
18,15,3720.0,1100,1,1,722
18,16,3620.0,100,1,1,722
18,17,3630.0,200,1,1,722
18,18,3720.0,1100,1,1,722
18,19,3630.0,200,1,1,722
18,20,3630.0,200,1,1,722
18,21,3630.0,200,1,1,722
18,22,3720.0,1100,1,1,722
18,23,2980.0,100,1,1,594
18,24,3620.0,100,1,1,722
18,25,3525.0,0,1,1,705
18,26,3630.0,200,1,1,722
18,27,3620.0,100,1,1,722
18,28,3620.0,100,1,1,722
18,29,3720.0,1100,1,1,722
18,30,3720.0,1100,1,1,722
18,31,3720.0,1100,1,1,722
18,32,3630.0,200,1,1,722
18,33,3720.0,1100,1,1,722
18,34,3070.0,1000,1,1,594
18,35,3620.0,100,1,1,722
18,36,3620.0,100,1,1,722
18,37,3720.0,1100,1,1,722
18,38,3325.0,100,1,1,663
18,39,3720.0,1100,1,1,722
18,40,3720.0,1100,1,1,722
19,1,3710.0,1000,1,1,722
19,2,3620.0,100,1,1,722
19,3,3620.0,100,1,1,722
19,4,3720.0,1100,1,1,722
19,5,2970.0,0,1,1,594
19,6,3630.0,200,1,1,722
19,7,3640.0,200,1,1,722
19,8,3630.0,200,1,1,722
19,9,3720.0,1100,1,1,722
19,10,3720.0,1100,1,1,722
19,11,3710.0,1000,1,1,722
19,12,3630.0,200,1,1,722
19,13,3720.0,1100,1,1,722
19,14,3630.0,200,1,1,722
19,15,3720.0,1100,1,1,722
19,16,3630.0,200,1,1,722
19,17,3620.0,100,1,1,722
19,18,3070.0,1000,1,1,594
19,19,2980.0,100,1,1,594
19,20,2980.0,100,1,1,594
19,21,3720.0,1100,1,1,722
19,22,3720.0,1100,1,1,722
19,23,3630.0,200,1,1,722
19,24,3705.0,1000,1,1,721
19,25,2980.0,100,1,1,594
19,26,3720.0,1100,1,1,722
19,27,3630.0,200,1,1,722
19,28,1525.0,200,1,1,299
19,29,3720.0,1100,1,1,722
19,30,2970.0,0,1,1,594
19,31,3630.0,200,1,1,722
19,32,3720.0,1100,1,1,722
19,33,3650.0,300,1,1,722
19,34,2980.0,100,1,1,594
19,35,3630.0,200,1,1,722
19,36,3620.0,100,1,1,722
19,37,2980.0,100,1,1,594
19,38,3630.0,200,1,1,722
19,39,1485.0,0,1,1,297
19,40,2980.0,100,1,1,594
20,1,3720.0,1100,1,1,722
20,2,2980.0,100,1,1,594
20,3,3715.0,1100,1,1,721
20,4,3070.0,1000,1,1,594
20,5,3720.0,1100,1,1,722
20,6,3625.0,200,1,1,721
20,7,2980.0,100,1,1,594
20,8,3630.0,200,1,1,722
20,9,3630.0,200,1,1,722
20,10,3070.0,1000,1,1,594
20,11,3630.0,200,1,1,722
20,12,3630.0,200,1,1,722
20,13,3620.0,100,1,1,722
20,14,2980.0,100,1,1,594
20,15,3720.0,1100,1,1,722
20,16,3630.0,200,1,1,722
20,17,3640.0,200,1,1,722
20,18,3630.0,200,1,1,722
20,19,2970.0,0,1,1,594
20,20,3620.0,100,1,1,722
20,21,3710.0,1000,1,1,722
20,22,2980.0,100,1,1,594
20,23,2980.0,100,1,1,594
20,24,3720.0,1100,1,1,722
20,25,3715.0,1100,1,1,721
20,26,3070.0,1000,1,1,594
20,27,3720.0,1100,1,1,722
20,28,3720.0,1100,1,1,722
20,29,3630.0,200,1,1,722
20,30,3720.0,1100,1,1,722
20,31,3720.0,1100,1,1,722
20,32,3070.0,1000,1,1,594
20,33,3720.0,1100,1,1,722
20,34,3720.0,1100,1,1,722
20,35,3485.0,100,1,1,695
20,36,2980.0,100,1,1,594
20,37,3720.0,1100,1,1,722
20,38,3720.0,1100,1,1,722
20,39,2980.0,100,1,1,594
20,40,3070.0,1000,1,1,594
21,1,3615.0,100,1,1,721
21,2,1525.0,0,1,1,305
21,3,3720.0,1100,1,1,722
21,4,3450.0,0,1,1,690
21,5,3720.0,1100,1,1,722
21,6,3720.0,1100,1,1,722
21,7,3620.0,100,1,1,722
21,8,3525.0,0,1,1,705
21,9,3720.0,1100,1,1,722
21,10,3720.0,1100,1,1,722
21,11,3720.0,1100,1,1,722
21,12,3620.0,100,1,1,722
21,13,3720.0,1100,1,1,722
21,14,3620.0,100,1,1,722
21,15,3720.0,1100,1,1,722
21,16,3070.0,1000,1,1,594
21,17,3720.0,1100,1,1,722
21,18,3710.0,1000,1,1,722
21,19,2980.0,100,1,1,594
21,20,3630.0,200,1,1,722
21,21,3720.0,1100,1,1,722
21,22,3365.0,0,1,1,673
21,23,3720.0,1100,1,1,722
21,24,3630.0,200,1,1,722
21,25,3720.0,1100,1,1,722
21,26,2975.0,100,1,1,593
21,27,3675.0,500,1,1,721
21,28,3065.0,1000,1,1,593
21,29,3455.0,100,1,1,689
21,30,3720.0,1100,1,1,722
21,31,2980.0,100,1,1,594
21,32,2980.0,100,1,1,594
21,33,3620.0,100,1,1,722
21,34,3720.0,1100,1,1,722
21,35,3720.0,1100,1,1,722
21,36,3715.0,1100,1,1,721
21,37,3720.0,1100,1,1,722
21,38,3620.0,100,1,1,722
21,39,3720.0,1100,1,1,722
21,40,3630.0,200,1,1,722
22,1,3720.0,1100,1,1,722
22,2,3070.0,1000,1,1,594
22,3,1525.0,0,1,1,305
22,4,3620.0,100,1,1,722
22,5,3720.0,1100,1,1,722
22,6,3620.0,100,1,1,722
22,7,3070.0,1000,1,1,594
22,8,3620.0,100,1,1,722
22,9,3710.0,1000,1,1,722
22,10,3715.0,1100,1,1,721
22,11,3070.0,1000,1,1,594
22,12,3720.0,1100,1,1,722
22,13,3505.0,200,1,1,695
22,14,3620.0,100,1,1,722
22,15,3070.0,1000,1,1,594
22,16,3720.0,1100,1,1,722
22,17,3720.0,1100,1,1,722
22,18,3625.0,200,1,1,721
22,19,2970.0,0,1,1,594
22,20,3720.0,1100,1,1,722
22,21,3620.0,100,1,1,722
22,22,3705.0,1000,1,1,721
22,23,3620.0,100,1,1,722
22,24,1540.0,0,1,1,308
22,25,3650.0,300,1,1,722
22,26,3630.0,200,1,1,722
22,27,3720.0,1100,1,1,722
22,28,2980.0,100,1,1,594
22,29,3720.0,1100,1,1,722
22,30,3720.0,1100,1,1,722
22,31,3720.0,1100,1,1,722
22,32,3720.0,1100,1,1,722
22,33,3720.0,1100,1,1,722
22,34,3720.0,1100,1,1,722
22,35,3720.0,1100,1,1,722
22,36,3720.0,1100,1,1,722
22,37,3720.0,1100,1,1,722
22,38,3070.0,1000,1,1,594
22,39,3720.0,1100,1,1,722
22,40,3710.0,1000,1,1,722
23,1,3720.0,1100,1,1,722
23,2,3720.0,1100,1,1,722
23,3,3720.0,1100,1,1,722
23,4,3630.0,200,1,1,722
23,5,3720.0,1100,1,1,722
23,6,3720.0,1100,1,1,722
23,7,3630.0,200,1,1,722
23,8,3720.0,1100,1,1,722
23,9,3720.0,1100,1,1,722
23,10,3620.0,100,1,1,722
23,11,3720.0,1100,1,1,722
23,12,3720.0,1100,1,1,722
23,13,3720.0,1100,1,1,722
23,14,3070.0,1000,1,1,594
23,15,3720.0,1100,1,1,722
23,16,3070.0,1000,1,1,594
23,17,3630.0,200,1,1,722
23,18,3720.0,1100,1,1,722
23,19,3630.0,200,1,1,722
23,20,3720.0,1100,1,1,722
23,21,3720.0,1100,1,1,722
23,22,2970.0,0,1,1,594
23,23,1495.0,0,1,1,299
23,24,3720.0,1100,1,1,722
23,25,3070.0,1000,1,1,594
23,26,3720.0,1100,1,1,722
23,27,2975.0,100,1,1,593
23,28,2970.0,0,1,1,594
23,29,3720.0,1100,1,1,722
23,30,3720.0,1100,1,1,722
23,31,3630.0,200,1,1,722
23,32,3455.0,100,1,1,689
23,33,3720.0,1100,1,1,722
23,34,3620.0,100,1,1,722
23,35,3720.0,1100,1,1,722
23,36,3720.0,1100,1,1,722
23,37,3720.0,1100,1,1,722
23,38,3720.0,1100,1,1,722
23,39,3335.0,0,1,1,667
23,40,3070.0,1000,1,1,594
24,1,3630.0,200,1,1,722
24,2,3630.0,200,1,1,722
24,3,3720.0,1100,1,1,722
24,4,3720.0,1100,1,1,722
24,5,3720.0,1100,1,1,722
24,6,3620.0,100,1,1,722
24,7,3720.0,1100,1,1,722
24,8,3720.0,1100,1,1,722
24,9,3720.0,1100,1,1,722
24,10,3720.0,1100,1,1,722
24,11,3720.0,1100,1,1,722
24,12,3630.0,200,1,1,722
24,13,3715.0,1100,1,1,721
24,14,3720.0,1100,1,1,722
24,15,3720.0,1100,1,1,722
24,16,3720.0,1100,1,1,722
24,17,3630.0,200,1,1,722
24,18,3720.0,1100,1,1,722
24,19,3720.0,1100,1,1,722
24,20,3720.0,1100,1,1,722
24,21,3720.0,1100,1,1,722
24,22,3720.0,1100,1,1,722
24,23,1445.0,0,1,1,289
24,24,3720.0,1100,1,1,722
24,25,3720.0,1100,1,1,722
24,26,3720.0,1100,1,1,722
24,27,3720.0,1100,1,1,722
24,28,3620.0,100,1,1,722
24,29,3720.0,1100,1,1,722
24,30,3720.0,1100,1,1,722
24,31,3720.0,1100,1,1,722
24,32,3630.0,200,1,1,722
24,33,3620.0,100,1,1,722
24,34,3630.0,200,1,1,722
24,35,3515.0,100,1,1,701
24,36,3620.0,100,1,1,722
24,37,3720.0,1100,1,1,722
24,38,3630.0,200,1,1,722
24,39,1510.0,0,1,1,302
24,40,3070.0,1000,1,1,594
25,1,3630.0,200,1,1,722
25,2,3630.0,200,1,1,722
25,3,3710.0,1000,1,1,722
25,4,3070.0,1000,1,1,594
25,5,3720.0,1100,1,1,722
25,6,3720.0,1100,1,1,722
25,7,3620.0,100,1,1,722
25,8,3620.0,100,1,1,722
25,9,3720.0,1100,1,1,722
25,10,3620.0,100,1,1,722
25,11,3720.0,1100,1,1,722
25,12,3070.0,1000,1,1,594
25,13,3630.0,200,1,1,722
25,14,3720.0,1100,1,1,722
25,15,3720.0,1100,1,1,722
25,16,3630.0,200,1,1,722
25,17,3630.0,200,1,1,722
25,18,3345.0,100,1,1,667
25,19,3630.0,200,1,1,722
25,20,3710.0,1000,1,1,722
25,21,3720.0,1100,1,1,722
25,22,3720.0,1100,1,1,722
25,23,3720.0,1100,1,1,722
25,24,3720.0,1100,1,1,722
25,25,1535.0,200,1,1,301
25,26,3315.0,100,1,1,661
25,27,3070.0,1000,1,1,594
25,28,3720.0,1100,1,1,722
25,29,3720.0,1100,1,1,722
25,30,3720.0,1100,1,1,722
25,31,1540.0,0,1,1,308
25,32,3720.0,1100,1,1,722
25,33,1500.0,0,1,1,300
25,34,1505.0,0,1,1,301
25,35,3720.0,1100,1,1,722
25,36,3525.0,100,1,1,703
25,37,3720.0,1100,1,1,722
25,38,3720.0,1100,1,1,722
25,39,3720.0,1100,1,1,722
25,40,3720.0,1100,1,1,722
26,1,3720.0,1100,1,1,722
26,2,3720.0,1100,1,1,722
26,3,2970.0,0,1,1,594
26,4,3070.0,1000,1,1,594
26,5,3620.0,100,1,1,722
26,6,3720.0,1100,1,1,722
26,7,3630.0,200,1,1,722
26,8,3720.0,1100,1,1,722
26,9,3070.0,1000,1,1,594
26,10,3720.0,1100,1,1,722
26,11,2980.0,100,1,1,594
26,12,3615.0,100,1,1,721
26,13,3720.0,1100,1,1,722
26,14,3720.0,1100,1,1,722
26,15,3720.0,1100,1,1,722
26,16,3720.0,1100,1,1,722
26,17,3630.0,200,1,1,722
26,18,3720.0,1100,1,1,722
26,19,3070.0,1000,1,1,594
26,20,2980.0,100,1,1,594
26,21,3720.0,1100,1,1,722
26,22,3720.0,1100,1,1,722
26,23,3620.0,100,1,1,722
26,24,3720.0,1100,1,1,722
26,25,3720.0,1100,1,1,722
26,26,3620.0,100,1,1,722
26,27,3620.0,100,1,1,722
26,28,3720.0,1100,1,1,722
26,29,3720.0,1100,1,1,722
26,30,2970.0,0,1,1,594
26,31,3630.0,200,1,1,722
26,32,3720.0,1100,1,1,722
26,33,3720.0,1100,1,1,722
26,34,3720.0,1100,1,1,722
26,35,3720.0,1100,1,1,722
26,36,3630.0,200,1,1,722
26,37,3720.0,1100,1,1,722
26,38,3720.0,1100,1,1,722
26,39,3720.0,1100,1,1,722
26,40,3720.0,1100,1,1,722
27,1,3720.0,1100,1,1,722
27,2,3720.0,1100,1,1,722
27,3,2980.0,100,1,1,594
27,4,3720.0,1100,1,1,722
27,5,3720.0,1100,1,1,722
27,6,3070.0,1000,1,1,594
27,7,3720.0,1100,1,1,722
27,8,3630.0,200,1,1,722
27,9,3680.0,500,1,1,722
27,10,3630.0,200,1,1,722
27,11,3720.0,1100,1,1,722
27,12,3720.0,1100,1,1,722
27,13,3720.0,1100,1,1,722
27,14,3630.0,200,1,1,722
27,15,3720.0,1100,1,1,722
27,16,3720.0,1100,1,1,722
27,17,3660.0,400,1,1,722
27,18,1535.0,0,1,1,307
27,19,2980.0,100,1,1,594
27,20,3720.0,1100,1,1,722
27,21,3630.0,200,1,1,722
27,22,3720.0,1100,1,1,722
27,23,3720.0,1100,1,1,722
27,24,3720.0,1100,1,1,722
27,25,3720.0,1100,1,1,722
27,26,3720.0,1100,1,1,722
27,27,3070.0,1000,1,1,594
27,28,3720.0,1100,1,1,722
27,29,3720.0,1100,1,1,722
27,30,3720.0,1100,1,1,722
27,31,3620.0,100,1,1,722
27,32,3720.0,1100,1,1,722
27,33,2980.0,100,1,1,594
27,34,3720.0,1100,1,1,722
27,35,3720.0,1100,1,1,722
27,36,3720.0,1100,1,1,722
27,37,3720.0,1100,1,1,722
27,38,3720.0,1100,1,1,722
27,39,3720.0,1100,1,1,722
27,40,3720.0,1100,1,1,722
28,1,3070.0,1000,1,1,594
28,2,3720.0,1100,1,1,722
28,3,3070.0,1000,1,1,594
28,4,3630.0,200,1,1,722
28,5,3720.0,1100,1,1,722
28,6,3710.0,1000,1,1,722
28,7,3720.0,1100,1,1,722
28,8,3720.0,1100,1,1,722
28,9,3720.0,1100,1,1,722
28,10,3720.0,1100,1,1,722
28,11,3720.0,1100,1,1,722
28,12,3620.0,100,1,1,722
28,13,3720.0,1100,1,1,722
28,14,3630.0,200,1,1,722
28,15,3630.0,200,1,1,722
28,16,3720.0,1100,1,1,722
28,17,3720.0,1100,1,1,722
28,18,3720.0,1100,1,1,722
28,19,3720.0,1100,1,1,722
28,20,3620.0,100,1,1,722
28,21,3720.0,1100,1,1,722
28,22,3720.0,1100,1,1,722
28,23,3720.0,1100,1,1,722
28,24,3720.0,1100,1,1,722
28,25,3720.0,1100,1,1,722
28,26,3720.0,1100,1,1,722
28,27,3720.0,1100,1,1,722
28,28,3070.0,1000,1,1,594
28,29,3650.0,300,1,1,722
28,30,3720.0,1100,1,1,722
28,31,3515.0,100,1,1,701
28,32,3070.0,1000,1,1,594
28,33,3720.0,1100,1,1,722
28,34,3720.0,1100,1,1,722
28,35,3720.0,1100,1,1,722
28,36,3070.0,1000,1,1,594
28,37,3720.0,1100,1,1,722
28,38,3720.0,1100,1,1,722
28,39,3620.0,100,1,1,722
28,40,3720.0,1100,1,1,722
29,1,3720.0,1100,1,1,722
29,2,3720.0,1100,1,1,722
29,3,3720.0,1100,1,1,722
29,4,3720.0,1100,1,1,722
29,5,3620.0,100,1,1,722
29,6,3720.0,1100,1,1,722
29,7,3720.0,1100,1,1,722
29,8,3720.0,1100,1,1,722
29,9,3625.0,200,1,1,721
29,10,2980.0,100,1,1,594
29,11,3720.0,1100,1,1,722
29,12,3720.0,1100,1,1,722
29,13,3720.0,1100,1,1,722
29,14,3720.0,1100,1,1,722
29,15,3630.0,200,1,1,722
29,16,3630.0,200,1,1,722
29,17,3720.0,1100,1,1,722
29,18,3720.0,1100,1,1,722
29,19,3510.0,100,1,1,700
29,20,3720.0,1100,1,1,722
29,21,3720.0,1100,1,1,722
29,22,3620.0,100,1,1,722
29,23,3720.0,1100,1,1,722
29,24,3720.0,1100,1,1,722
29,25,3070.0,1000,1,1,594
29,26,3720.0,1100,1,1,722
29,27,3720.0,1100,1,1,722
29,28,3720.0,1100,1,1,722
29,29,3070.0,1000,1,1,594
29,30,3720.0,1100,1,1,722
29,31,3720.0,1100,1,1,722
29,32,3720.0,1100,1,1,722
29,33,2970.0,0,1,1,594
29,34,3720.0,1100,1,1,722
29,35,3720.0,1100,1,1,722
29,36,3720.0,1100,1,1,722
29,37,3720.0,1100,1,1,722
29,38,3720.0,1100,1,1,722
29,39,3720.0,1100,1,1,722
29,40,1505.0,0,1,1,301
30,1,3720.0,1100,1,1,722
30,2,3720.0,1100,1,1,722
30,3,3720.0,1100,1,1,722
30,4,3720.0,1100,1,1,722
30,5,3720.0,1100,1,1,722
30,6,3720.0,1100,1,1,722
30,7,2980.0,100,1,1,594
30,8,3720.0,1100,1,1,722
30,9,1505.0,0,1,1,301
30,10,3070.0,1000,1,1,594
30,11,3720.0,1100,1,1,722
30,12,2980.0,100,1,1,594
30,13,3720.0,1100,1,1,722
30,14,3720.0,1100,1,1,722
30,15,3720.0,1100,1,1,722
30,16,3720.0,1100,1,1,722
30,17,3720.0,1100,1,1,722
30,18,3720.0,1100,1,1,722
30,19,3720.0,1100,1,1,722
30,20,3720.0,1100,1,1,722
30,21,3720.0,1100,1,1,722
30,22,3720.0,1100,1,1,722
30,23,3720.0,1100,1,1,722
30,24,3720.0,1100,1,1,722
30,25,3630.0,200,1,1,722
30,26,3720.0,1100,1,1,722
30,27,3720.0,1100,1,1,722
30,28,3720.0,1100,1,1,722
30,29,3070.0,1000,1,1,594
30,30,3720.0,1100,1,1,722
30,31,3720.0,1100,1,1,722
30,32,3630.0,200,1,1,722
30,33,3620.0,100,1,1,722
30,34,2970.0,0,1,1,594
30,35,3070.0,1000,1,1,594
30,36,3515.0,100,1,1,701
30,37,3070.0,1000,1,1,594
30,38,3720.0,1100,1,1,722
30,39,3620.0,100,1,1,722
30,40,3070.0,1000,1,1,594
31,1,3630.0,200,1,1,722
31,2,3720.0,1100,1,1,722
31,3,3720.0,1100,1,1,722
31,4,3620.0,100,1,1,722
31,5,3720.0,1100,1,1,722
31,6,3720.0,1100,1,1,722
31,7,3720.0,1100,1,1,722
31,8,3720.0,1100,1,1,722
31,9,3720.0,1100,1,1,722
31,10,3070.0,1000,1,1,594
31,11,3620.0,100,1,1,722
31,12,3630.0,200,1,1,722
31,13,3720.0,1100,1,1,722
31,14,3630.0,200,1,1,722
31,15,3720.0,1100,1,1,722
31,16,3070.0,1000,1,1,594
31,17,3720.0,1100,1,1,722
31,18,3720.0,1100,1,1,722
31,19,3630.0,200,1,1,722
31,20,3720.0,1100,1,1,722
31,21,3720.0,1100,1,1,722
31,22,3630.0,200,1,1,722
31,23,3720.0,1100,1,1,722
31,24,3615.0,100,1,1,721
31,25,3720.0,1100,1,1,722
31,26,3630.0,200,1,1,722
31,27,3720.0,1100,1,1,722
31,28,3630.0,200,1,1,722
31,29,3650.0,300,1,1,722
31,30,3720.0,1100,1,1,722
31,31,3720.0,1100,1,1,722
31,32,3720.0,1100,1,1,722
31,33,3720.0,1100,1,1,722
31,34,3720.0,1100,1,1,722
31,35,3720.0,1100,1,1,722
31,36,3630.0,200,1,1,722
31,37,3720.0,1100,1,1,722
31,38,3720.0,1100,1,1,722
31,39,3630.0,200,1,1,722
31,40,3630.0,200,1,1,722
32,1,3715.0,1100,1,1,721
32,2,3720.0,1100,1,1,722
32,3,3630.0,200,1,1,722
32,4,3070.0,1000,1,1,594
32,5,3720.0,1100,1,1,722
32,6,3710.0,1000,1,1,722
32,7,3630.0,200,1,1,722
32,8,3715.0,1100,1,1,721
32,9,3720.0,1100,1,1,722
32,10,3720.0,1100,1,1,722
32,11,3630.0,200,1,1,722
32,12,3720.0,1100,1,1,722
32,13,3720.0,1100,1,1,722
32,14,3720.0,1100,1,1,722
32,15,3720.0,1100,1,1,722
32,16,3720.0,1100,1,1,722
32,17,3720.0,1100,1,1,722
32,18,3630.0,200,1,1,722
32,19,3720.0,1100,1,1,722
32,20,3720.0,1100,1,1,722
32,21,3720.0,1100,1,1,722
32,22,3620.0,100,1,1,722
32,23,3720.0,1100,1,1,722
32,24,3720.0,1100,1,1,722
32,25,3720.0,1100,1,1,722
32,26,3720.0,1100,1,1,722
32,27,3720.0,1100,1,1,722
32,28,3720.0,1100,1,1,722
32,29,3720.0,1100,1,1,722
32,30,3720.0,1100,1,1,722
32,31,3070.0,1000,1,1,594
32,32,3720.0,1100,1,1,722
32,33,3720.0,1100,1,1,722
32,34,2980.0,100,1,1,594
32,35,3720.0,1100,1,1,722
32,36,3720.0,1100,1,1,722
32,37,3720.0,1100,1,1,722
32,38,3720.0,1100,1,1,722
32,39,3720.0,1100,1,1,722
32,40,2970.0,0,1,1,594
33,1,3630.0,200,1,1,722
33,2,3720.0,1100,1,1,722
33,3,3030.0,400,1,1,594
33,4,3720.0,1100,1,1,722
33,5,3720.0,1100,1,1,722
33,6,2980.0,100,1,1,594
33,7,3610.0,0,1,1,722
33,8,3720.0,1100,1,1,722
33,9,3720.0,1100,1,1,722
33,10,3720.0,1100,1,1,722
33,11,3720.0,1100,1,1,722
33,12,3630.0,200,1,1,722
33,13,3720.0,1100,1,1,722
33,14,3720.0,1100,1,1,722
33,15,3720.0,1100,1,1,722
33,16,3720.0,1100,1,1,722
33,17,3720.0,1100,1,1,722
33,18,3720.0,1100,1,1,722
33,19,3630.0,200,1,1,722
33,20,3630.0,200,1,1,722
33,21,3720.0,1100,1,1,722
33,22,3720.0,1100,1,1,722
33,23,3720.0,1100,1,1,722
33,24,3720.0,1100,1,1,722
33,25,3630.0,200,1,1,722
33,26,3720.0,1100,1,1,722
33,27,3630.0,200,1,1,722
33,28,3720.0,1100,1,1,722
33,29,3720.0,1100,1,1,722
33,30,2980.0,100,1,1,594
33,31,3720.0,1100,1,1,722
33,32,3720.0,1100,1,1,722
33,33,3720.0,1100,1,1,722
33,34,3660.0,400,1,1,722
33,35,3720.0,1100,1,1,722
33,36,3720.0,1100,1,1,722
33,37,3620.0,100,1,1,722
33,38,3720.0,1100,1,1,722
33,39,3720.0,1100,1,1,722
33,40,3720.0,1100,1,1,722
34,1,3720.0,1100,1,1,722
34,2,3720.0,1100,1,1,722
34,3,3720.0,1100,1,1,722
34,4,3720.0,1100,1,1,722
34,5,3070.0,1000,1,1,594
34,6,3720.0,1100,1,1,722
34,7,3720.0,1100,1,1,722
34,8,3630.0,200,1,1,722
34,9,3720.0,1100,1,1,722
34,10,3720.0,1100,1,1,722
34,11,3720.0,1100,1,1,722
34,12,3720.0,1100,1,1,722
34,13,3720.0,1100,1,1,722
34,14,3720.0,1100,1,1,722
34,15,3070.0,1000,1,1,594
34,16,3720.0,1100,1,1,722
34,17,3720.0,1100,1,1,722
34,18,3630.0,200,1,1,722
34,19,3070.0,1000,1,1,594
34,20,3680.0,500,1,1,722
34,21,3720.0,1100,1,1,722
34,22,3720.0,1100,1,1,722
34,23,3720.0,1100,1,1,722
34,24,3070.0,1000,1,1,594
34,25,3720.0,1100,1,1,722
34,26,3720.0,1100,1,1,722
34,27,3720.0,1100,1,1,722
34,28,3720.0,1100,1,1,722
34,29,3720.0,1100,1,1,722
34,30,3630.0,200,1,1,722
34,31,3720.0,1100,1,1,722
34,32,3720.0,1100,1,1,722
34,33,3720.0,1100,1,1,722
34,34,3720.0,1100,1,1,722
34,35,3720.0,1100,1,1,722
34,36,3720.0,1100,1,1,722
34,37,3720.0,1100,1,1,722
34,38,3720.0,1100,1,1,722
34,39,3070.0,1000,1,1,594
34,40,3720.0,1100,1,1,722
35,1,3720.0,1100,1,1,722
35,2,3070.0,1000,1,1,594
35,3,3720.0,1100,1,1,722
35,4,3630.0,200,1,1,722
35,5,3720.0,1100,1,1,722
35,6,3720.0,1100,1,1,722
35,7,3720.0,1100,1,1,722
35,8,3630.0,200,1,1,722
35,9,3720.0,1100,1,1,722
35,10,3720.0,1100,1,1,722
35,11,3720.0,1100,1,1,722
35,12,3720.0,1100,1,1,722
35,13,3070.0,1000,1,1,594
35,14,3295.0,100,1,1,657
35,15,3720.0,1100,1,1,722
35,16,3630.0,200,1,1,722
35,17,3720.0,1100,1,1,722
35,18,3720.0,1100,1,1,722
35,19,3720.0,1100,1,1,722
35,20,3720.0,1100,1,1,722
35,21,3720.0,1100,1,1,722
35,22,3720.0,1100,1,1,722
35,23,3720.0,1100,1,1,722
35,24,3720.0,1100,1,1,722
35,25,3720.0,1100,1,1,722
35,26,3070.0,1000,1,1,594
35,27,3630.0,200,1,1,722
35,28,3720.0,1100,1,1,722
35,29,3720.0,1100,1,1,722
35,30,3720.0,1100,1,1,722
35,31,3720.0,1100,1,1,722
35,32,3720.0,1100,1,1,722
35,33,3720.0,1100,1,1,722
35,34,3720.0,1100,1,1,722
35,35,3720.0,1100,1,1,722
35,36,3720.0,1100,1,1,722
35,37,3715.0,1100,1,1,721
35,38,3720.0,1100,1,1,722
35,39,3720.0,1100,1,1,722
35,40,3720.0,1100,1,1,722
36,1,3720.0,1100,1,1,722
36,2,3720.0,1100,1,1,722
36,3,3720.0,1100,1,1,722
36,4,3720.0,1100,1,1,722
36,5,3720.0,1100,1,1,722
36,6,3720.0,1100,1,1,722
36,7,3720.0,1100,1,1,722
36,8,3620.0,100,1,1,722
36,9,3710.0,1000,1,1,722
36,10,3720.0,1100,1,1,722
36,11,3720.0,1100,1,1,722
36,12,3720.0,1100,1,1,722
36,13,3720.0,1100,1,1,722
36,14,3630.0,200,1,1,722
36,15,3720.0,1100,1,1,722
36,16,3720.0,1100,1,1,722
36,17,3720.0,1100,1,1,722
36,18,3720.0,1100,1,1,722
36,19,3720.0,1100,1,1,722
36,20,3720.0,1100,1,1,722
36,21,3720.0,1100,1,1,722
36,22,3720.0,1100,1,1,722
36,23,3720.0,1100,1,1,722
36,24,3720.0,1100,1,1,722
36,25,3720.0,1100,1,1,722
36,26,3720.0,1100,1,1,722
36,27,3620.0,100,1,1,722
36,28,3620.0,100,1,1,722
36,29,3720.0,1100,1,1,722
36,30,3720.0,1100,1,1,722
36,31,3720.0,1100,1,1,722
36,32,3620.0,100,1,1,722
36,33,3720.0,1100,1,1,722
36,34,3720.0,1100,1,1,722
36,35,3720.0,1100,1,1,722
36,36,3720.0,1100,1,1,722
36,37,3070.0,1000,1,1,594
36,38,3720.0,1100,1,1,722
36,39,3720.0,1100,1,1,722
36,40,3720.0,1100,1,1,722
37,1,3720.0,1100,1,1,722
37,2,3720.0,1100,1,1,722
37,3,3720.0,1100,1,1,722
37,4,3720.0,1100,1,1,722
37,5,3720.0,1100,1,1,722
37,6,3720.0,1100,1,1,722
37,7,3720.0,1100,1,1,722
37,8,3720.0,1100,1,1,722
37,9,3720.0,1100,1,1,722
37,10,3720.0,1100,1,1,722
37,11,3720.0,1100,1,1,722
37,12,3720.0,1100,1,1,722
37,13,3720.0,1100,1,1,722
37,14,3720.0,1100,1,1,722
37,15,3630.0,200,1,1,722
37,16,3720.0,1100,1,1,722
37,17,3720.0,1100,1,1,722
37,18,3720.0,1100,1,1,722
37,19,3720.0,1100,1,1,722
37,20,3720.0,1100,1,1,722
37,21,3720.0,1100,1,1,722
37,22,3720.0,1100,1,1,722
37,23,3370.0,100,1,1,672
37,24,3720.0,1100,1,1,722
37,25,3720.0,1100,1,1,722
37,26,3720.0,1100,1,1,722
37,27,3720.0,1100,1,1,722
37,28,3630.0,200,1,1,722
37,29,3720.0,1100,1,1,722
37,30,3720.0,1100,1,1,722
37,31,3720.0,1100,1,1,722
37,32,3070.0,1000,1,1,594
37,33,3070.0,1000,1,1,594
37,34,3720.0,1100,1,1,722
37,35,3720.0,1100,1,1,722
37,36,3720.0,1100,1,1,722
37,37,3620.0,100,1,1,722
37,38,3720.0,1100,1,1,722
37,39,3720.0,1100,1,1,722
37,40,3630.0,200,1,1,722
38,1,3630.0,200,1,1,722
38,2,3720.0,1100,1,1,722
38,3,3720.0,1100,1,1,722
38,4,3720.0,1100,1,1,722
38,5,3720.0,1100,1,1,722
38,6,3720.0,1100,1,1,722
38,7,3720.0,1100,1,1,722
38,8,3720.0,1100,1,1,722
38,9,3720.0,1100,1,1,722
38,10,3720.0,1100,1,1,722
38,11,3630.0,200,1,1,722
38,12,3710.0,1000,1,1,722
38,13,3630.0,200,1,1,722
38,14,3630.0,200,1,1,722
38,15,3070.0,1000,1,1,594
38,16,3720.0,1100,1,1,722
38,17,3720.0,1100,1,1,722
38,18,3720.0,1100,1,1,722
38,19,3720.0,1100,1,1,722
38,20,3720.0,1100,1,1,722
38,21,3720.0,1100,1,1,722
38,22,3720.0,1100,1,1,722
38,23,3720.0,1100,1,1,722
38,24,3720.0,1100,1,1,722
38,25,3720.0,1100,1,1,722
38,26,3070.0,1000,1,1,594
38,27,3720.0,1100,1,1,722
38,28,3720.0,1100,1,1,722
38,29,3720.0,1100,1,1,722
38,30,3720.0,1100,1,1,722
38,31,3720.0,1100,1,1,722
38,32,3620.0,100,1,1,722
38,33,3720.0,1100,1,1,722
38,34,3720.0,1100,1,1,722
38,35,3720.0,1100,1,1,722
38,36,3720.0,1100,1,1,722
38,37,3720.0,1100,1,1,722
38,38,3070.0,1000,1,1,594
38,39,3720.0,1100,1,1,722
38,40,3620.0,100,1,1,722
39,1,3720.0,1100,1,1,722
39,2,3720.0,1100,1,1,722
39,3,3720.0,1100,1,1,722
39,4,3720.0,1100,1,1,722
39,5,3720.0,1100,1,1,722
39,6,3720.0,1100,1,1,722
39,7,3720.0,1100,1,1,722
39,8,3720.0,1100,1,1,722
39,9,3720.0,1100,1,1,722
39,10,3720.0,1100,1,1,722
39,11,3720.0,1100,1,1,722
39,12,3720.0,1100,1,1,722
39,13,3720.0,1100,1,1,722
39,14,3710.0,1000,1,1,722
39,15,3720.0,1100,1,1,722
39,16,3720.0,1100,1,1,722
39,17,3720.0,1100,1,1,722
39,18,3720.0,1100,1,1,722
39,19,3720.0,1100,1,1,722
39,20,3720.0,1100,1,1,722
39,21,3720.0,1100,1,1,722
39,22,3720.0,1100,1,1,722
39,23,3620.0,100,1,1,722
39,24,3720.0,1100,1,1,722
39,25,3720.0,1100,1,1,722
39,26,3720.0,1100,1,1,722
39,27,3720.0,1100,1,1,722
39,28,3720.0,1100,1,1,722
39,29,3720.0,1100,1,1,722
39,30,3720.0,1100,1,1,722
39,31,3720.0,1100,1,1,722
39,32,3720.0,1100,1,1,722
39,33,3720.0,1100,1,1,722
39,34,3620.0,100,1,1,722
39,35,3720.0,1100,1,1,722
39,36,3715.0,1100,1,1,721
39,37,3720.0,1100,1,1,722
39,38,3720.0,1100,1,1,722
39,39,3620.0,100,1,1,722
39,40,3720.0,1100,1,1,722
40,1,3720.0,1100,1,1,722
40,2,3720.0,1100,1,1,722
40,3,3720.0,1100,1,1,722
40,4,3720.0,1100,1,1,722
40,5,3720.0,1100,1,1,722
40,6,3720.0,1100,1,1,722
40,7,3720.0,1100,1,1,722
40,8,3620.0,100,1,1,722
40,9,3720.0,1100,1,1,722
40,10,3720.0,1100,1,1,722
40,11,3620.0,100,1,1,722
40,12,3720.0,1100,1,1,722
40,13,3720.0,1100,1,1,722
40,14,3720.0,1100,1,1,722
40,15,3720.0,1100,1,1,722
40,16,3720.0,1100,1,1,722
40,17,3720.0,1100,1,1,722
40,18,3720.0,1100,1,1,722
40,19,3720.0,1100,1,1,722
40,20,3720.0,1100,1,1,722
40,21,3720.0,1100,1,1,722
40,22,3720.0,1100,1,1,722
40,23,3720.0,1100,1,1,722
40,24,3720.0,1100,1,1,722
40,25,3720.0,1100,1,1,722
40,26,3720.0,1100,1,1,722
40,27,3070.0,1000,1,1,594
40,28,3720.0,1100,1,1,722
40,29,3720.0,1100,1,1,722
40,30,3720.0,1100,1,1,722
40,31,3720.0,1100,1,1,722
40,32,3720.0,1100,1,1,722
40,33,3720.0,1100,1,1,722
40,34,3720.0,1100,1,1,722
40,35,3720.0,1100,1,1,722
40,36,3720.0,1100,1,1,722
40,37,3720.0,1100,1,1,722
40,38,3720.0,1100,1,1,722
40,39,3720.0,1100,1,1,722
40,40,3720.0,1100,1,1,722
