Episode,Game,Coins,Score,World,Level,Time
1,1,0,0,1,1,389
1,2,0,0,1,1,395
1,3,0,0,1,1,395
1,4,0,0,1,1,395
1,5,0,0,1,1,395
1,6,0,0,1,1,395
1,7,0,0,1,1,395
1,8,0,0,1,1,395
1,9,0,0,1,1,395
1,10,0,0,1,1,395
1,11,0,0,1,1,394
1,12,0,0,1,1,395
1,13,0,0,1,1,395
1,14,0,0,1,1,395
1,15,0,0,1,1,395
1,16,0,0,1,1,394
1,17,0,0,1,1,395
1,18,0,0,1,1,395
1,19,0,0,1,1,395
1,20,0,0,1,1,395
2,1,0,100,1,1,394
2,2,0,0,1,1,394
2,3,0,0,1,1,395
2,4,0,0,1,1,395
2,5,0,0,1,1,395
2,6,0,0,1,1,395
2,7,0,0,1,1,395
2,8,0,0,1,1,395
2,9,0,0,1,1,394
2,10,0,0,1,1,395
2,11,0,0,1,1,395
2,12,0,0,1,1,395
2,13,0,0,1,1,394
2,14,0,0,1,1,395
2,15,0,0,1,1,395
2,16,0,0,1,1,394
2,17,0,0,1,1,395
2,18,0,0,1,1,395
2,19,0,0,1,1,394
2,20,0,0,1,1,394
3,1,0,100,1,1,395
3,2,0,0,1,1,395
3,3,0,0,1,1,395
3,4,0,0,1,1,395
3,5,0,0,1,1,395
3,6,0,0,1,1,395
3,7,0,0,1,1,395
3,8,0,0,1,1,395
3,9,0,0,1,1,395
3,10,0,0,1,1,395
3,11,0,0,1,1,395
3,12,0,0,1,1,395
3,13,0,0,1,1,395
3,14,0,0,1,1,395
3,15,0,0,1,1,395
3,16,0,0,1,1,395
3,17,0,0,1,1,395
3,18,0,0,1,1,395
3,19,0,0,1,1,395
3,20,0,0,1,1,395
4,1,0,0,1,1,353
4,2,0,0,1,1,395
4,3,0,0,1,1,395
4,4,0,0,1,1,395
4,5,0,0,1,1,395
4,6,0,0,1,1,395
4,7,0,0,1,1,334
4,8,0,0,1,1,395
4,9,0,0,1,1,395
4,10,0,0,1,1,395
4,11,0,0,1,1,395
4,12,0,0,1,1,395
4,13,0,0,1,1,395
4,14,0,0,1,1,395
4,15,0,0,1,1,395
4,16,0,0,1,1,395
4,17,0,0,1,1,395
4,18,0,0,1,1,395
4,19,0,0,1,1,395
4,20,0,0,1,1,395
5,1,0,0,1,1,394
5,2,0,0,1,1,395
5,3,0,0,1,1,395
5,4,0,0,1,1,395
5,5,0,0,1,1,395
5,6,0,0,1,1,395
5,7,0,0,1,1,395
5,8,0,0,1,1,395
5,9,0,0,1,1,395
5,10,0,0,1,1,395
5,11,0,0,1,1,395
5,12,0,0,1,1,395
5,13,0,0,1,1,395
5,14,0,0,1,1,395
5,15,0,0,1,1,395
5,16,0,0,1,1,395
5,17,0,0,1,1,395
5,18,0,0,1,1,395
5,19,0,0,1,1,395
5,20,0,0,1,1,395
6,1,0,300,1,1,123
6,2,0,0,1,1,395
6,3,0,0,1,1,395
6,4,0,0,1,1,395
6,5,0,0,1,1,395
6,6,0,0,1,1,395
6,7,0,0,1,1,395
6,8,0,0,1,1,395
6,9,0,0,1,1,395
6,10,0,0,1,1,395
6,11,0,0,1,1,395
6,12,0,0,1,1,395
6,13,0,0,1,1,395
6,14,0,0,1,1,395
6,15,0,0,1,1,395
6,16,0,0,1,1,395
6,17,0,0,1,1,395
6,18,0,0,1,1,395
6,19,0,0,1,1,395
6,20,0,0,1,1,395
7,1,0,0,1,1,394
7,2,0,0,1,1,394
7,3,0,0,1,1,395
7,4,0,0,1,1,395
7,5,0,200,1,1,395
7,6,0,0,1,1,395
7,7,0,0,1,1,395
7,8,0,0,1,1,395
7,9,0,0,1,1,395
7,10,0,0,1,1,395
7,11,0,0,1,1,395
7,12,0,0,1,1,395
7,13,0,0,1,1,395
7,14,0,0,1,1,395
7,15,0,0,1,1,395
7,16,0,0,1,1,395
7,17,0,400,1,1,395
7,18,0,0,1,1,395
7,19,0,0,1,1,395
7,20,0,100,1,1,395
8,1,0,300,1,1,393
8,2,0,500,1,1,393
8,3,0,0,1,1,395
8,4,0,0,1,1,395
8,5,0,0,1,1,395
8,6,0,200,1,1,395
8,7,0,0,1,1,395
8,8,0,0,1,1,395
8,9,0,100,1,1,394
8,10,0,500,1,1,395
8,11,0,0,1,1,395
8,12,0,0,1,1,398
8,13,0,0,1,1,395
8,14,0,400,1,1,398
8,15,0,300,1,1,395
8,16,0,0,1,1,395
8,17,0,0,1,1,395
8,18,0,200,1,1,395
8,19,0,0,1,1,395
8,20,0,0,1,1,395
9,1,0,100,1,1,398
9,2,0,0,1,1,394
9,3,0,0,1,1,394
9,4,0,0,1,1,394
9,5,0,0,1,1,395
9,6,0,0,1,1,395
9,7,0,0,1,1,395
9,8,0,0,1,1,394
9,9,0,0,1,1,394
9,10,0,0,1,1,395
9,11,0,0,1,1,395
9,12,0,0,1,1,395
9,13,0,0,1,1,395
9,14,0,0,1,1,395
9,15,0,0,1,1,395
9,16,0,0,1,1,395
9,17,0,0,1,1,395
9,18,0,0,1,1,395
9,19,0,0,1,1,395
9,20,0,0,1,1,395
10,1,2,600,1,1,398
10,2,1,500,1,1,398
10,3,0,200,1,1,398
10,4,0,300,1,1,398
10,5,1,900,1,1,359
10,6,4,1300,1,1,332
10,7,0,500,1,1,398
10,8,0,500,1,1,395
10,9,0,0,1,1,395
10,10,0,0,1,1,395
10,11,0,0,1,1,395
10,12,0,0,1,1,395
10,13,0,300,1,1,346
10,14,0,0,1,1,395
10,15,1,400,1,1,351
10,16,2,800,1,1,368
10,17,1,400,1,1,395
10,18,0,100,1,1,395
10,19,0,0,1,1,395
10,20,1,500,1,1,373
11,1,0,500,1,1,397
11,2,0,0,1,1,394
11,3,0,0,1,1,391
11,4,0,0,1,1,395
11,5,0,0,1,1,395
11,6,0,0,1,1,395
11,7,0,0,1,1,395
11,8,0,0,1,1,395
11,9,0,0,1,1,395
11,10,0,0,1,1,395
11,11,0,0,1,1,395
11,12,0,100,1,1,361
11,13,0,0,1,1,395
11,14,0,200,1,1,365
11,15,0,200,1,1,395
11,16,0,0,1,1,395
11,17,0,500,1,1,325
11,18,0,600,1,1,328
11,19,0,0,1,1,395
11,20,0,0,1,1,395
12,1,0,0,1,1,394
12,2,0,0,1,1,395
12,3,0,100,1,1,393
12,4,1,300,1,1,394
12,5,0,0,1,1,395
12,6,0,0,1,1,395
12,7,0,0,1,1,395
12,8,0,0,1,1,395
12,9,0,0,1,1,395
12,10,0,0,1,1,395
12,11,0,0,1,1,395
12,12,0,0,1,1,395
12,13,0,0,1,1,395
12,14,0,0,1,1,395
12,15,0,0,1,1,395
12,16,0,0,1,1,395
12,17,0,0,1,1,395
12,18,0,0,1,1,395
12,19,0,0,1,1,395
12,20,0,0,1,1,395
13,1,0,100,1,1,391
13,2,0,0,1,1,395
13,3,0,0,1,1,395
13,4,0,0,1,1,395
13,5,0,0,1,1,395
13,6,0,0,1,1,395
13,7,0,0,1,1,395
13,8,0,0,1,1,395
13,9,0,0,1,1,395
13,10,0,0,1,1,394
13,11,0,0,1,1,394
13,12,0,0,1,1,394
13,13,0,0,1,1,394
13,14,0,0,1,1,395
13,15,0,0,1,1,395
13,16,0,0,1,1,394
13,17,0,0,1,1,395
13,18,0,0,1,1,395
13,19,0,0,1,1,395
13,20,0,0,1,1,395
14,1,1,200,1,1,393
14,2,0,0,1,1,395
14,3,0,0,1,1,395
14,4,0,0,1,1,395
14,5,0,0,1,1,395
14,6,0,0,1,1,395
14,7,0,0,1,1,394
14,8,0,0,1,1,394
14,9,0,0,1,1,394
14,10,0,0,1,1,395
14,11,0,0,1,1,395
14,12,0,0,1,1,395
14,13,0,0,1,1,395
14,14,0,0,1,1,395
14,15,0,0,1,1,395
14,16,0,0,1,1,395
14,17,0,0,1,1,394
14,18,0,0,1,1,395
14,19,0,0,1,1,395
14,20,0,0,1,1,394
15,1,0,0,1,1,394
15,2,0,0,1,1,395
15,3,0,0,1,1,395
15,4,0,0,1,1,394
15,5,0,0,1,1,395
15,6,0,0,1,1,395
15,7,0,0,1,1,395
15,8,0,0,1,1,395
15,9,0,0,1,1,395
15,10,0,0,1,1,395
15,11,0,0,1,1,395
15,12,0,0,1,1,395
15,13,0,0,1,1,392
15,14,0,0,1,1,393
15,15,0,0,1,1,393
15,16,0,0,1,1,395
15,17,1,600,1,1,215
15,18,0,0,1,1,395
15,19,0,0,1,1,394
15,20,0,0,1,1,395
16,1,0,100,1,1,395
16,2,0,0,1,1,395
16,3,0,0,1,1,395
16,4,0,0,1,1,395
16,5,0,0,1,1,395
16,6,0,0,1,1,395
16,7,0,0,1,1,395
16,8,0,0,1,1,395
16,9,0,0,1,1,395
16,10,0,0,1,1,395
16,11,0,0,1,1,395
16,12,0,0,1,1,395
16,13,0,0,1,1,395
16,14,0,0,1,1,395
16,15,0,0,1,1,395
16,16,0,0,1,1,395
16,17,0,0,1,1,395
16,18,0,0,1,1,395
16,19,0,0,1,1,395
16,20,0,0,1,1,395
17,1,0,0,1,1,390
17,2,0,0,1,1,395
17,3,0,0,1,1,394
17,4,0,0,1,1,395
17,5,0,0,1,1,395
17,6,0,0,1,1,395
17,7,0,0,1,1,395
17,8,0,0,1,1,395
17,9,0,0,1,1,395
17,10,0,0,1,1,395
17,11,0,0,1,1,395
17,12,0,0,1,1,395
17,13,0,0,1,1,395
17,14,0,0,1,1,395
17,15,0,0,1,1,395
17,16,0,0,1,1,395
17,17,0,0,1,1,395
17,18,0,0,1,1,395
17,19,0,0,1,1,395
17,20,0,0,1,1,395
18,1,0,100,1,1,298
18,2,0,0,1,1,395
18,3,0,0,1,1,395
18,4,0,200,1,1,395
18,5,1,1000,1,1,321
18,6,0,0,1,1,395
18,7,0,0,1,1,395
18,8,0,0,1,1,395
18,9,0,0,1,1,395
18,10,0,0,1,1,395
18,11,0,0,1,1,395
18,12,0,0,1,1,395
18,13,0,0,1,1,395
18,14,0,0,1,1,395
18,15,0,0,1,1,395
18,16,0,0,1,1,395
18,17,0,0,1,1,395
18,18,0,0,1,1,395
18,19,0,0,1,1,395
18,20,0,0,1,1,395
19,1,0,500,1,1,395
19,2,0,0,1,1,395
19,3,0,0,1,1,395
19,4,0,0,1,1,395
19,5,0,0,1,1,395
19,6,0,0,1,1,395
19,7,0,0,1,1,395
19,8,0,0,1,1,395
19,9,0,0,1,1,395
19,10,0,0,1,1,395
19,11,0,0,1,1,395
19,12,0,0,1,1,395
19,13,0,0,1,1,395
19,14,0,0,1,1,395
19,15,0,0,1,1,395
19,16,0,0,1,1,395
19,17,0,0,1,1,395
19,18,0,0,1,1,395
19,19,0,0,1,1,395
19,20,0,0,1,1,395
20,1,0,0,1,1,394
20,2,0,0,1,1,395
20,3,0,0,1,1,391
20,4,0,0,1,1,395
20,5,0,0,1,1,395
20,6,0,0,1,1,394
20,7,0,0,1,1,395
20,8,0,0,1,1,395
20,9,0,0,1,1,394
20,10,0,0,1,1,395
20,11,0,0,1,1,395
20,12,0,0,1,1,395
20,13,0,0,1,1,395
20,14,0,0,1,1,394
20,15,0,200,1,1,248
20,16,0,0,1,1,395
20,17,0,0,1,1,395
20,18,0,0,1,1,394
20,19,0,0,1,1,394
20,20,0,0,1,1,395
21,1,0,100,1,1,394
21,2,0,0,1,1,393
21,3,0,0,1,1,395
21,4,0,0,1,1,395
21,5,0,0,1,1,394
21,6,0,0,1,1,395
21,7,0,0,1,1,394
21,8,0,0,1,1,395
21,9,0,0,1,1,394
21,10,0,0,1,1,395
21,11,0,200,1,1,267
21,12,2,1100,1,1,258
21,13,0,0,1,1,395
21,14,0,0,1,1,395
21,15,0,0,1,1,395
21,16,0,0,1,1,395
21,17,0,0,1,1,395
21,18,0,0,1,1,395
21,19,0,0,1,1,395
21,20,0,0,1,1,395
22,1,0,0,1,1,395
22,2,0,0,1,1,395
22,3,0,0,1,1,395
22,4,0,0,1,1,395
22,5,0,0,1,1,395
22,6,0,0,1,1,395
22,7,0,0,1,1,394
22,8,0,0,1,1,394
22,9,0,0,1,1,395
22,10,0,0,1,1,395
22,11,0,0,1,1,395
22,12,0,0,1,1,394
22,13,0,0,1,1,395
22,14,0,0,1,1,395
22,15,0,0,1,1,394
22,16,0,0,1,1,395
22,17,0,0,1,1,395
22,18,0,0,1,1,395
22,19,0,0,1,1,395
22,20,0,0,1,1,395
23,1,0,0,1,1,394
23,2,0,0,1,1,395
23,3,0,0,1,1,395
23,4,0,0,1,1,394
23,5,0,0,1,1,395
23,6,0,0,1,1,395
23,7,0,0,1,1,395
23,8,0,0,1,1,394
23,9,0,0,1,1,395
23,10,0,0,1,1,395
23,11,0,0,1,1,394
23,12,0,0,1,1,395
23,13,0,0,1,1,395
23,14,0,0,1,1,395
23,15,0,0,1,1,395
23,16,0,0,1,1,395
23,17,0,0,1,1,394
23,18,0,0,1,1,394
23,19,0,0,1,1,395
23,20,0,0,1,1,395
24,1,0,100,1,1,394
24,2,0,0,1,1,395
24,3,0,0,1,1,395
24,4,0,0,1,1,395
24,5,0,0,1,1,395
24,6,0,0,1,1,395
24,7,0,0,1,1,395
24,8,0,0,1,1,395
24,9,0,0,1,1,395
24,10,0,0,1,1,395
24,11,0,0,1,1,395
24,12,0,0,1,1,395
24,13,0,0,1,1,395
24,14,0,0,1,1,394
24,15,0,0,1,1,394
24,16,0,0,1,1,394
24,17,0,0,1,1,394
24,18,0,0,1,1,395
24,19,0,0,1,1,395
24,20,0,0,1,1,395
25,1,0,0,1,1,391
25,2,0,0,1,1,394
25,3,0,0,1,1,395
25,4,0,200,1,1,306
25,5,1,500,1,1,395
25,6,0,0,1,1,395
25,7,0,0,1,1,395
25,8,0,0,1,1,395
25,9,0,0,1,1,395
25,10,0,0,1,1,395
25,11,0,700,1,1,395
25,12,0,0,1,1,395
25,13,0,500,1,1,277
25,14,0,0,1,1,395
25,15,0,0,1,1,395
25,16,0,100,1,1,395
25,17,0,0,1,1,395
25,18,0,0,1,1,395
25,19,1,200,1,1,395
25,20,0,400,1,1,398
26,1,0,300,1,1,392
26,2,0,0,1,1,395
26,3,0,100,1,1,395
26,4,0,200,1,1,395
26,5,0,400,1,1,395
26,6,0,100,1,1,355
26,7,2,1100,1,1,325
26,8,0,0,1,1,394
26,9,0,0,1,1,395
26,10,0,0,1,1,353
26,11,0,0,1,1,395
26,12,1,1100,1,1,330
26,13,0,400,1,1,398
26,14,0,500,1,1,395
26,15,0,0,1,1,395
26,16,0,0,1,1,395
26,17,0,0,1,1,395
26,18,0,0,1,1,395
26,19,0,300,1,1,375
26,20,0,500,1,1,395
27,1,0,300,1,1,395
27,2,0,0,1,1,395
27,3,0,0,1,1,395
27,4,0,0,1,1,395
27,5,0,0,1,1,395
27,6,0,0,1,1,395
27,7,0,0,1,1,395
27,8,0,0,1,1,395
27,9,0,0,1,1,395
27,10,0,0,1,1,394
27,11,0,0,1,1,395
27,12,0,0,1,1,394
27,13,0,0,1,1,395
27,14,0,0,1,1,395
27,15,0,0,1,1,395
27,16,0,0,1,1,395
27,17,0,0,1,1,394
27,18,0,0,1,1,394
27,19,0,0,1,1,395
27,20,0,0,1,1,395
28,1,0,0,1,1,391
28,2,0,0,1,1,395
28,3,0,0,1,1,395
28,4,0,0,1,1,395
28,5,0,0,1,1,395
28,6,0,0,1,1,395
28,7,0,0,1,1,395
28,8,0,0,1,1,395
28,9,0,0,1,1,394
28,10,0,0,1,1,395
28,11,0,500,1,1,313
28,12,0,100,1,1,394
28,13,2,900,1,1,395
28,14,0,100,1,1,395
28,15,0,0,1,1,395
28,16,0,0,1,1,395
28,17,0,0,1,1,395
28,18,0,100,1,1,395
28,19,0,0,1,1,395
28,20,0,0,1,1,395
29,1,0,100,1,1,366
29,2,1,1200,1,1,395
29,3,0,0,1,1,395
29,4,0,0,1,1,395
29,5,0,0,1,1,395
29,6,0,0,1,1,395
29,7,0,400,1,1,398
29,8,0,400,1,1,394
29,9,0,0,1,1,395
29,10,0,0,1,1,395
29,11,0,400,1,1,395
29,12,0,0,1,1,395
29,13,0,0,1,1,395
29,14,0,0,1,1,395
29,15,0,0,1,1,395
29,16,0,0,1,1,395
29,17,0,0,1,1,395
29,18,0,0,1,1,395
29,19,0,0,1,1,395
29,20,0,0,1,1,395
30,1,0,400,1,1,395
30,2,0,0,1,1,394
30,3,0,400,1,1,398
30,4,0,600,1,1,0
30,5,0,100,1,1,395
30,6,0,0,1,1,395
30,7,0,1550,1,1,397
30,8,0,0,1,1,395
30,9,2,400,1,1,395
30,10,2,400,1,1,395
30,11,1,800,1,1,398
30,12,0,100,1,1,362
30,13,0,0,1,1,395
30,14,0,0,1,1,395
30,15,0,600,1,1,308
30,16,0,100,1,1,395
30,17,2,400,1,1,395
30,18,1,700,1,1,398
30,19,0,200,1,1,395
30,20,0,0,1,1,395
31,1,0,100,1,1,395
31,2,0,0,1,1,395
31,3,0,0,1,1,395
31,4,0,0,1,1,395
31,5,0,0,1,1,395
31,6,0,400,1,1,359
31,7,0,0,1,1,395
31,8,0,0,1,1,395
31,9,0,400,1,1,304
31,10,0,500,1,1,395
31,11,0,100,1,1,395
31,12,0,0,1,1,395
31,13,0,0,1,1,395
31,14,0,0,1,1,395
31,15,0,0,1,1,395
31,16,0,300,1,1,373
31,17,1,500,1,1,398
31,18,1,600,1,1,395
31,19,0,200,1,1,346
31,20,0,100,1,1,372
32,1,0,500,1,1,310
32,2,0,300,1,1,398
32,3,0,1100,1,1,395
32,4,0,100,1,1,395
32,5,0,300,1,1,395
32,6,0,200,1,1,395
32,7,0,200,1,1,395
32,8,0,0,1,1,395
32,9,0,0,1,1,395
32,10,0,0,1,1,395
32,11,0,200,1,1,393
32,12,0,400,1,1,398
32,13,0,0,1,1,395
32,14,0,0,1,1,395
32,15,1,1300,1,1,398
32,16,0,600,1,1,398
32,17,0,100,1,1,395
32,18,0,0,1,1,395
32,19,0,200,1,1,395
32,20,0,0,1,1,395
33,1,0,400,1,1,377
33,2,0,100,1,1,395
33,3,0,0,1,1,395
33,4,0,0,1,1,395
33,5,0,300,1,1,353
33,6,4,1300,1,1,366
33,7,0,400,1,1,394
33,8,0,500,1,1,330
33,9,0,100,1,1,394
33,10,1,200,1,1,394
33,11,0,0,1,1,394
33,12,0,0,1,1,394
33,13,0,0,1,1,395
33,14,0,0,1,1,395
33,15,0,0,1,1,395
33,16,0,0,1,1,395
33,17,0,0,1,1,395
33,18,0,400,1,1,398
33,19,2,700,1,1,370
33,20,1,300,1,1,373
34,1,0,500,1,1,393
34,2,0,0,1,1,395
34,3,0,0,1,1,395
34,4,1,200,1,1,395
34,5,1,200,1,1,395
34,6,1,300,1,1,374
34,7,2,800,1,1,237
34,8,0,0,1,1,395
34,9,0,0,1,1,395
34,10,0,0,1,1,395
34,11,0,0,1,1,395
34,12,0,0,1,1,395
34,13,0,0,1,1,374
34,14,0,600,1,1,340
34,15,0,600,1,1,398
34,16,0,0,1,1,395
34,17,1,500,1,1,389
34,18,1,300,1,1,365
34,19,0,0,1,1,395
34,20,0,100,1,1,372
35,1,0,400,1,1,397
35,2,1,400,1,1,369
35,3,1,300,1,1,395
35,4,0,0,1,1,394
35,5,1,400,1,1,394
35,6,0,0,1,1,394
35,7,0,0,1,1,395
35,8,1,200,1,1,395
35,9,2,600,1,1,395
35,10,0,300,1,1,340
35,11,0,0,1,1,395
35,12,0,0,1,1,394
35,13,0,0,1,1,395
35,14,0,0,1,1,395
35,15,1,300,1,1,394
35,16,0,0,1,1,395
35,17,0,0,1,1,395
35,18,0,300,1,1,395
35,19,0,0,1,1,395
35,20,0,0,1,1,395
36,1,0,400,1,1,398
36,2,1,500,1,1,395
36,3,0,0,1,1,395
36,4,0,500,1,1,344
36,5,0,100,1,1,393
36,6,1,500,1,1,395
36,7,0,0,1,1,395
36,8,0,0,1,1,395
36,9,0,0,1,1,395
36,10,0,100,1,1,333
36,11,0,500,1,1,395
36,12,0,0,1,1,395
36,13,0,0,1,1,395
36,14,0,500,1,1,373
36,15,0,100,1,1,395
36,16,0,0,1,1,395
36,17,0,0,1,1,395
36,18,0,0,1,1,395
36,19,0,0,1,1,395
36,20,0,0,1,1,395
37,1,0,500,1,1,395
37,2,0,0,1,1,395
37,3,0,0,1,1,395
37,4,0,0,1,1,395
37,5,0,0,1,1,395
37,6,0,200,1,1,395
37,7,1,300,1,1,395
37,8,0,0,1,1,395
37,9,0,200,1,1,278
37,10,0,200,1,1,395
37,11,0,0,1,1,395
37,12,0,0,1,1,395
37,13,0,0,1,1,395
37,14,0,0,1,1,394
37,15,0,0,1,1,395
37,16,0,0,1,1,395
37,17,0,500,1,1,398
37,18,0,300,1,1,398
37,19,0,0,1,1,395
37,20,0,100,1,1,320
38,1,0,700,1,1,397
38,2,0,400,1,1,395
38,3,0,0,1,1,395
38,4,1,300,1,1,394
38,5,0,0,1,1,395
38,6,1,600,1,1,313
38,7,0,500,1,1,396
38,8,0,0,1,1,395
38,9,0,0,1,1,395
38,10,0,300,1,1,398
38,11,0,0,1,1,395
38,12,1,200,1,1,395
38,13,2,700,1,1,395
38,14,0,200,1,1,397
38,15,0,400,1,1,398
38,16,0,300,1,1,398
38,17,1,800,1,1,333
38,18,0,0,1,1,395
38,19,0,0,1,1,395
38,20,0,0,1,1,395
39,1,0,200,1,1,394
39,2,0,0,1,1,395
39,3,0,0,1,1,395
39,4,0,0,1,1,395
39,5,0,0,1,1,395
39,6,0,0,1,1,395
39,7,0,0,1,1,395
39,8,0,0,1,1,395
39,9,0,0,1,1,395
39,10,0,0,1,1,394
39,11,0,0,1,1,395
39,12,0,0,1,1,395
39,13,0,0,1,1,395
39,14,0,0,1,1,394
39,15,0,0,1,1,395
39,16,0,0,1,1,394
39,17,0,0,1,1,394
39,18,0,0,1,1,395
39,19,0,0,1,1,394
39,20,0,0,1,1,395
40,1,0,100,1,1,395
40,2,0,300,1,1,398
40,3,0,200,1,1,394
40,4,0,0,1,1,395
40,5,0,0,1,1,395
40,6,0,0,1,1,395
40,7,0,0,1,1,395
40,8,0,0,1,1,395
40,9,0,0,1,1,395
40,10,0,0,1,1,395
40,11,0,0,1,1,395
40,12,0,0,1,1,395
40,13,0,0,1,1,395
40,14,0,0,1,1,395
40,15,0,0,1,1,395
40,16,0,0,1,1,395
40,17,0,0,1,1,395
40,18,0,0,1,1,395
40,19,0,0,1,1,395
40,20,0,0,1,1,395
41,1,1,200,1,1,394
41,2,1,200,1,1,394
41,3,0,0,1,1,395
41,4,0,0,1,1,395
41,5,0,0,1,1,395
41,6,0,0,1,1,395
41,7,0,0,1,1,395
41,8,0,0,1,1,395
41,9,0,0,1,1,395
41,10,0,0,1,1,395
41,11,0,0,1,1,395
41,12,0,0,1,1,395
41,13,0,0,1,1,395
41,14,0,0,1,1,395
41,15,0,0,1,1,395
41,16,0,0,1,1,395
41,17,0,0,1,1,395
41,18,0,0,1,1,395
41,19,0,0,1,1,395
41,20,0,0,1,1,395
42,1,0,100,1,1,395
42,2,0,0,1,1,394
42,3,0,0,1,1,394
42,4,0,0,1,1,394
42,5,0,0,1,1,392
42,6,0,0,1,1,394
42,7,0,0,1,1,394
42,8,0,0,1,1,395
42,9,0,0,1,1,395
42,10,0,0,1,1,394
42,11,0,0,1,1,395
42,12,0,0,1,1,395
42,13,0,0,1,1,395
42,14,0,0,1,1,395
42,15,0,0,1,1,395
42,16,0,0,1,1,394
42,17,0,0,1,1,395
42,18,0,0,1,1,395
42,19,0,0,1,1,395
42,20,0,0,1,1,395
43,1,0,400,1,1,398
43,2,0,0,1,1,395
43,3,0,0,1,1,395
43,4,0,0,1,1,395
43,5,0,0,1,1,395
43,6,0,0,1,1,395
43,7,0,0,1,1,395
43,8,0,0,1,1,395
43,9,0,0,1,1,395
43,10,0,0,1,1,395
43,11,0,0,1,1,395
43,12,0,0,1,1,395
43,13,0,0,1,1,395
43,14,0,0,1,1,395
43,15,0,0,1,1,394
43,16,0,0,1,1,395
43,17,0,0,1,1,395
43,18,0,0,1,1,395
43,19,0,0,1,1,395
43,20,0,0,1,1,395
44,1,1,800,1,1,398
44,2,0,0,1,1,393
44,3,0,0,1,1,394
44,4,0,0,1,1,394
44,5,0,0,1,1,394
44,6,0,0,1,1,395
44,7,0,0,1,1,395
44,8,0,0,1,1,395
44,9,0,0,1,1,395
44,10,0,0,1,1,395
44,11,0,0,1,1,394
44,12,0,0,1,1,395
44,13,0,0,1,1,395
44,14,0,0,1,1,394
44,15,0,0,1,1,395
44,16,0,0,1,1,395
44,17,0,0,1,1,395
44,18,0,0,1,1,395
44,19,0,0,1,1,394
44,20,0,0,1,1,395
45,1,0,0,1,1,395
45,2,1,200,1,1,395
45,3,0,0,1,1,395
45,4,0,0,1,1,394
45,5,1,200,1,1,394
45,6,0,0,1,1,395
45,7,0,0,1,1,395
45,8,0,200,1,1,237
45,9,2,9950,1,2,396
45,10,0,500,1,1,396
45,11,0,400,1,1,324
45,12,4,1400,1,1,354
45,13,0,0,1,1,395
45,14,0,0,1,1,395
45,15,0,0,1,1,395
45,16,0,500,1,1,337
45,17,0,0,1,1,395
45,18,0,0,1,1,395
45,19,0,200,1,1,398
45,20,0,0,1,1,395
46,1,0,200,1,1,389
46,2,0,0,1,1,394
46,3,0,0,1,1,395
46,4,0,0,1,1,394
46,5,0,0,1,1,395
46,6,0,0,1,1,395
46,7,0,0,1,1,395
46,8,0,0,1,1,395
46,9,0,0,1,1,395
46,10,0,0,1,1,395
46,11,0,0,1,1,395
46,12,0,0,1,1,395
46,13,0,0,1,1,395
46,14,0,0,1,1,395
46,15,0,0,1,1,395
46,16,0,0,1,1,395
46,17,0,0,1,1,395
46,18,0,0,1,1,395
46,19,0,0,1,1,395
46,20,0,0,1,1,395
47,1,0,200,1,1,394
47,2,0,0,1,1,397
47,3,2,1200,1,1,293
47,4,0,0,1,1,395
47,5,0,0,1,1,394
47,6,0,0,1,1,395
47,7,0,0,1,1,395
47,8,0,0,1,1,395
47,9,0,0,1,1,395
47,10,0,0,1,1,395
47,11,0,0,1,1,395
47,12,0,0,1,1,395
47,13,0,0,1,1,394
47,14,0,0,1,1,394
47,15,0,0,1,1,394
47,16,0,0,1,1,395
47,17,0,0,1,1,395
47,18,0,0,1,1,395
47,19,0,0,1,1,395
47,20,0,0,1,1,395
48,1,0,200,1,1,388
48,2,0,0,1,1,394
48,3,0,0,1,1,394
48,4,0,0,1,1,394
48,5,0,0,1,1,395
48,6,0,0,1,1,395
48,7,0,0,1,1,395
48,8,0,0,1,1,395
48,9,0,0,1,1,394
48,10,0,0,1,1,395
48,11,0,0,1,1,392
48,12,0,0,1,1,395
48,13,0,100,1,1,394
48,14,0,0,1,1,394
48,15,0,0,1,1,394
48,16,0,0,1,1,394
48,17,0,0,1,1,395
48,18,0,0,1,1,395
48,19,0,0,1,1,395
48,20,0,0,1,1,394
49,1,1,200,1,1,392
49,2,0,100,1,1,395
49,3,0,0,1,1,395
49,4,0,0,1,1,395
49,5,0,0,1,1,394
49,6,0,0,1,1,394
49,7,0,0,1,1,395
49,8,0,0,1,1,395
49,9,0,0,1,1,395
49,10,0,0,1,1,395
49,11,0,0,1,1,394
49,12,0,0,1,1,395
49,13,0,0,1,1,395
49,14,0,0,1,1,395
49,15,0,0,1,1,395
49,16,0,0,1,1,394
49,17,0,0,1,1,395
49,18,0,0,1,1,395
49,19,0,0,1,1,395
49,20,0,0,1,1,395
50,1,1,500,1,1,230
50,2,0,0,1,1,395
50,3,0,0,1,1,393
50,4,0,500,1,1,394
50,5,0,0,1,1,394
50,6,0,0,1,1,395
50,7,0,0,1,1,395
50,8,0,0,1,1,395
50,9,0,0,1,1,395
50,10,0,0,1,1,395
50,11,0,0,1,1,395
50,12,0,0,1,1,395
50,13,0,0,1,1,394
50,14,0,0,1,1,395
50,15,0,0,1,1,395
50,16,0,0,1,1,395
50,17,0,0,1,1,395
50,18,0,0,1,1,395
50,19,0,0,1,1,395
50,20,0,0,1,1,395
51,1,0,0,1,1,395
51,2,0,0,1,1,394
51,3,0,0,1,1,355
51,4,0,0,1,1,395
51,5,0,0,1,1,393
51,6,0,0,1,1,395
51,7,0,0,1,1,395
51,8,0,0,1,1,395
51,9,0,0,1,1,395
51,10,0,0,1,1,395
51,11,0,0,1,1,395
51,12,0,0,1,1,395
51,13,0,0,1,1,395
51,14,0,0,1,1,394
51,15,0,0,1,1,395
51,16,0,0,1,1,395
51,17,0,0,1,1,395
51,18,0,0,1,1,395
51,19,0,0,1,1,395
51,20,0,0,1,1,395
52,1,1,400,1,1,395
52,2,0,0,1,1,394
52,3,0,0,1,1,394
52,4,0,0,1,1,395
52,5,0,0,1,1,395
52,6,0,0,1,1,394
52,7,0,0,1,1,394
52,8,0,0,1,1,395
52,9,0,0,1,1,395
52,10,0,0,1,1,395
52,11,0,0,1,1,395
52,12,0,0,1,1,395
52,13,0,0,1,1,395
52,14,0,0,1,1,395
52,15,0,0,1,1,395
52,16,0,0,1,1,395
52,17,0,0,1,1,395
52,18,0,0,1,1,395
52,19,0,0,1,1,394
52,20,0,0,1,1,395
53,1,0,0,1,1,395
53,2,0,0,1,1,395
53,3,1,300,1,1,301
53,4,0,200,1,1,299
53,5,0,0,1,1,394
53,6,0,0,1,1,394
53,7,0,0,1,1,394
53,8,0,0,1,1,395
53,9,0,0,1,1,395
53,10,0,0,1,1,395
53,11,0,0,1,1,395
53,12,0,0,1,1,395
53,13,0,0,1,1,395
53,14,0,0,1,1,395
53,15,0,0,1,1,395
53,16,0,0,1,1,395
53,17,0,0,1,1,395
53,18,0,0,1,1,395
53,19,0,0,1,1,395
53,20,0,0,1,1,395
54,1,0,0,1,1,394
54,2,0,0,1,1,395
54,3,0,0,1,1,395
54,4,0,0,1,1,394
54,5,1,700,1,1,210
54,6,0,0,1,1,395
54,7,0,0,1,1,395
54,8,0,0,1,1,395
54,9,0,0,1,1,395
54,10,0,0,1,1,395
54,11,0,0,1,1,395
54,12,0,0,1,1,395
54,13,0,0,1,1,395
54,14,0,0,1,1,395
54,15,0,0,1,1,395
54,16,0,0,1,1,395
54,17,0,0,1,1,395
54,18,0,0,1,1,395
54,19,0,0,1,1,395
54,20,0,0,1,1,395
55,1,0,0,1,1,326
55,2,0,0,1,1,395
55,3,0,0,1,1,395
55,4,0,0,1,1,395
55,5,0,0,1,1,395
55,6,0,0,1,1,395
55,7,0,0,1,1,395
55,8,0,100,1,1,331
55,9,0,0,1,1,395
55,10,0,0,1,1,395
55,11,0,0,1,1,395
55,12,0,0,1,1,395
55,13,0,0,1,1,395
55,14,0,0,1,1,395
55,15,0,200,1,1,394
55,16,0,0,1,1,395
55,17,0,0,1,1,395
55,18,0,0,1,1,395
55,19,0,300,1,1,320
55,20,0,0,1,1,395
56,1,0,200,1,1,292
56,2,1,700,1,1,396
56,3,1,200,1,1,386
56,4,1,800,1,1,380
56,5,1,500,1,1,395
56,6,0,400,1,1,395
56,7,0,0,1,1,395
56,8,0,0,1,1,395
56,9,0,0,1,1,395
56,10,0,1400,1,1,395
56,11,0,0,1,1,395
56,12,0,0,1,1,395
56,13,0,200,1,1,395
56,14,0,0,1,1,395
56,15,0,0,1,1,395
56,16,1,800,1,1,319
56,17,1,600,1,1,371
56,18,1,600,1,1,398
56,19,0,1300,1,1,333
56,20,0,200,1,1,371
57,1,0,400,1,1,397
57,2,0,0,1,1,392
57,3,0,0,1,1,395
57,4,0,0,1,1,395
57,5,0,0,1,1,395
57,6,0,0,1,1,395
57,7,0,0,1,1,395
57,8,0,0,1,1,395
57,9,0,400,1,1,395
57,10,0,0,1,1,395
57,11,0,0,1,1,395
57,12,0,0,1,1,395
57,13,0,0,1,1,395
57,14,0,400,1,1,292
57,15,0,0,1,1,395
57,16,0,0,1,1,395
57,17,0,0,1,1,395
57,18,0,0,1,1,395
57,19,0,0,1,1,395
57,20,0,100,1,1,370
58,1,0,0,1,1,394
58,2,2,700,1,1,0
58,3,0,0,1,1,395
58,4,0,100,1,1,395
58,5,0,0,1,1,395
58,6,0,0,1,1,395
58,7,0,0,1,1,395
58,8,0,0,1,1,395
58,9,0,500,1,1,398
58,10,0,500,1,1,398
58,11,2,800,1,1,345
58,12,1,300,1,1,395
58,13,0,0,1,1,395
58,14,0,0,1,1,395
58,15,0,0,1,1,394
58,16,0,0,1,1,395
58,17,0,100,1,1,371
58,18,0,300,1,1,395
58,19,0,200,1,1,395
58,20,0,500,1,1,396
59,1,0,300,1,1,395
59,2,0,0,1,1,369
59,3,0,100,1,1,394
59,4,0,0,1,1,395
59,5,0,0,1,1,395
59,6,0,0,1,1,395
59,7,0,0,1,1,395
59,8,0,0,1,1,394
59,9,0,0,1,1,395
59,10,0,0,1,1,395
59,11,0,0,1,1,395
59,12,0,0,1,1,395
59,13,0,0,1,1,395
59,14,0,0,1,1,395
59,15,0,0,1,1,395
59,16,0,0,1,1,395
59,17,0,0,1,1,395
59,18,0,0,1,1,395
59,19,0,0,1,1,395
59,20,0,0,1,1,395
60,1,0,100,1,1,392
60,2,0,0,1,1,395
60,3,0,0,1,1,395
60,4,0,0,1,1,394
60,5,0,500,1,1,311
60,6,0,0,1,1,395
60,7,2,400,1,1,383
60,8,1,400,1,1,356
60,9,0,300,1,1,395
60,10,0,0,1,1,394
60,11,0,0,1,1,395
60,12,0,0,1,1,395
60,13,1,600,1,1,395
60,14,0,1200,1,1,357
60,15,1,600,1,1,398
60,16,0,100,1,1,394
60,17,1,500,1,1,342
60,18,0,0,1,1,395
60,19,0,0,1,1,395
60,20,0,400,1,1,398
61,1,0,400,1,1,393
61,2,0,0,1,1,395
61,3,1,300,1,1,395
61,4,0,100,1,1,378
61,5,1,500,1,1,395
61,6,0,0,1,1,395
61,7,0,0,1,1,395
61,8,0,0,1,1,395
61,9,0,0,1,1,395
61,10,0,0,1,1,395
61,11,0,0,1,1,395
61,12,0,0,1,1,395
61,13,0,0,1,1,395
61,14,0,0,1,1,395
61,15,0,0,1,1,395
61,16,0,0,1,1,395
61,17,0,0,1,1,395
61,18,0,0,1,1,395
61,19,0,0,1,1,395
61,20,0,0,1,1,395
62,1,0,300,1,1,331
62,2,0,0,1,1,395
62,3,0,0,1,1,395
62,4,0,0,1,1,395
62,5,0,0,1,1,395
62,6,0,0,1,1,395
62,7,0,0,1,1,395
62,8,0,200,1,1,247
62,9,0,0,1,1,395
62,10,0,0,1,1,395
62,11,0,0,1,1,395
62,12,0,0,1,1,395
62,13,0,0,1,1,395
62,14,0,0,1,1,395
62,15,0,0,1,1,395
62,16,0,0,1,1,395
62,17,0,200,1,1,298
62,18,0,0,1,1,394
62,19,0,0,1,1,395
62,20,0,0,1,1,395
63,1,0,400,1,1,332
63,2,2,900,1,1,397
63,3,0,0,1,1,395
63,4,1,300,1,1,395
63,5,0,0,1,1,395
63,6,0,0,1,1,395
63,7,0,0,1,1,395
63,8,1,400,1,1,360
63,9,1,600,1,1,394
63,10,0,0,1,1,395
63,11,1,200,1,1,395
63,12,0,200,1,1,398
63,13,0,0,1,1,394
63,14,0,0,1,1,394
63,15,0,0,1,1,394
63,16,0,0,1,1,394
63,17,0,0,1,1,395
63,18,0,0,1,1,395
63,19,0,0,1,1,395
63,20,0,0,1,1,394
64,1,0,200,1,1,395
64,2,0,0,1,1,395
64,3,0,0,1,1,394
64,4,0,0,1,1,395
64,5,0,0,1,1,395
64,6,0,0,1,1,394
64,7,0,0,1,1,395
64,8,0,0,1,1,394
64,9,0,0,1,1,395
64,10,0,0,1,1,395
64,11,0,0,1,1,395
64,12,0,0,1,1,395
64,13,0,0,1,1,395
64,14,0,0,1,1,395
64,15,0,0,1,1,395
64,16,0,0,1,1,395
64,17,0,0,1,1,395
64,18,0,0,1,1,395
64,19,0,0,1,1,395
64,20,0,0,1,1,395
65,1,0,200,1,1,395
65,2,0,0,1,1,395
65,3,0,300,1,1,269
65,4,0,100,1,1,395
65,5,0,0,1,1,395
65,6,0,0,1,1,395
65,7,0,300,1,1,251
65,8,0,100,1,1,394
65,9,1,300,1,1,346
65,10,0,0,1,1,398
65,11,0,300,1,1,394
65,12,0,200,1,1,394
65,13,0,0,1,1,395
65,14,0,0,1,1,395
65,15,0,0,1,1,395
65,16,0,0,1,1,395
65,17,0,0,1,1,395
65,18,0,0,1,1,395
65,19,0,0,1,1,395
65,20,1,600,1,1,306
66,1,1,200,1,1,393
66,2,0,0,1,1,394
66,3,0,0,1,1,395
66,4,0,0,1,1,394
66,5,0,0,1,1,395
66,6,0,0,1,1,394
66,7,1,600,1,1,349
66,8,0,100,1,1,395
66,9,0,0,1,1,395
66,10,0,0,1,1,395
66,11,0,0,1,1,395
66,12,0,0,1,1,395
66,13,0,0,1,1,395
66,14,0,0,1,1,395
66,15,0,0,1,1,395
66,16,0,0,1,1,395
66,17,0,0,1,1,395
66,18,0,0,1,1,395
66,19,0,0,1,1,395
66,20,0,0,1,1,395
67,1,0,100,1,1,394
67,2,0,0,1,1,388
67,3,0,400,1,1,176
67,4,0,0,1,1,395
67,5,0,0,1,1,395
67,6,0,0,1,1,395
67,7,0,0,1,1,395
67,8,0,0,1,1,395
67,9,0,0,1,1,395
67,10,0,0,1,1,395
67,11,0,0,1,1,395
67,12,0,0,1,1,395
67,13,0,0,1,1,395
67,14,0,0,1,1,395
67,15,0,0,1,1,395
67,16,0,0,1,1,395
67,17,0,0,1,1,395
67,18,0,0,1,1,395
67,19,0,0,1,1,395
67,20,0,0,1,1,395
68,1,1,200,1,1,390
68,2,0,0,1,1,395
68,3,0,0,1,1,395
68,4,0,0,1,1,395
68,5,0,0,1,1,395
68,6,0,0,1,1,395
68,7,0,0,1,1,395
68,8,0,0,1,1,395
68,9,0,0,1,1,395
68,10,0,0,1,1,395
68,11,0,0,1,1,394
68,12,0,0,1,1,395
68,13,0,0,1,1,394
68,14,0,0,1,1,395
68,15,0,0,1,1,395
68,16,0,0,1,1,395
68,17,0,0,1,1,395
68,18,0,0,1,1,395
68,19,0,0,1,1,395
68,20,0,0,1,1,395
69,1,1,200,1,1,395
69,2,0,0,1,1,395
69,3,1,200,1,1,395
69,4,0,100,1,1,395
69,5,0,100,1,1,395
69,6,0,0,1,1,395
69,7,0,0,1,1,395
69,8,0,0,1,1,395
69,9,0,0,1,1,395
69,10,0,0,1,1,395
69,11,0,100,1,1,272
69,12,0,0,1,1,395
69,13,0,0,1,1,395
69,14,0,0,1,1,395
69,15,0,0,1,1,395
69,16,1,200,1,1,395
69,17,1,300,1,1,363
69,18,0,500,1,1,397
69,19,1,200,1,1,395
69,20,0,800,1,1,396
70,1,1,500,1,1,395
70,2,0,0,1,1,395
70,3,0,0,1,1,395
70,4,0,0,1,1,395
70,5,0,1400,1,1,398
70,6,0,0,1,1,395
70,7,0,0,1,1,395
70,8,0,0,1,1,395
70,9,0,0,1,1,394
70,10,0,0,1,1,395
70,11,0,0,1,1,395
70,12,0,0,1,1,395
70,13,0,0,1,1,395
70,14,0,0,1,1,395
70,15,0,0,1,1,395
70,16,0,0,1,1,395
70,17,0,0,1,1,395
70,18,0,0,1,1,395
70,19,0,0,1,1,395
70,20,0,0,1,1,395
71,1,2,400,1,1,393
71,2,1,300,1,1,397
71,3,0,0,1,1,395
71,4,0,200,1,1,394
71,5,0,0,1,1,395
71,6,0,0,1,1,394
71,7,0,0,1,1,395
71,8,0,0,1,1,395
71,9,0,0,1,1,395
71,10,0,0,1,1,395
71,11,0,0,1,1,395
71,12,0,0,1,1,395
71,13,0,0,1,1,395
71,14,0,0,1,1,395
71,15,0,0,1,1,395
71,16,0,0,1,1,395
71,17,0,0,1,1,395
71,18,0,0,1,1,395
71,19,0,0,1,1,395
71,20,0,0,1,1,394
72,1,0,400,1,1,334
72,2,0,200,1,1,393
72,3,0,0,1,1,393
72,4,0,0,1,1,393
72,5,0,0,1,1,394
72,6,0,0,1,1,394
72,7,0,0,1,1,394
72,8,0,0,1,1,395
72,9,0,0,1,1,395
72,10,0,0,1,1,395
72,11,0,0,1,1,394
72,12,0,0,1,1,395
72,13,0,0,1,1,395
72,14,0,0,1,1,395
72,15,0,0,1,1,395
72,16,0,0,1,1,395
72,17,0,0,1,1,395
72,18,0,0,1,1,395
72,19,0,0,1,1,395
72,20,0,0,1,1,395
73,1,0,0,1,1,387
73,2,0,0,1,1,395
73,3,0,0,1,1,395
73,4,0,0,1,1,395
73,5,0,0,1,1,395
73,6,0,0,1,1,395
73,7,0,0,1,1,395
73,8,0,0,1,1,395
73,9,0,0,1,1,395
73,10,0,0,1,1,395
73,11,0,0,1,1,395
73,12,0,0,1,1,395
73,13,0,0,1,1,394
73,14,0,0,1,1,395
73,15,0,0,1,1,394
73,16,0,0,1,1,395
73,17,0,0,1,1,395
73,18,0,0,1,1,395
73,19,0,0,1,1,395
73,20,0,0,1,1,395
74,1,0,400,1,1,392
74,2,0,0,1,1,395
74,3,0,0,1,1,395
74,4,0,0,1,1,395
74,5,0,0,1,1,395
74,6,0,0,1,1,395
74,7,0,0,1,1,395
74,8,0,0,1,1,395
74,9,0,0,1,1,395
74,10,0,0,1,1,395
74,11,0,0,1,1,395
74,12,0,0,1,1,395
74,13,0,0,1,1,395
74,14,0,0,1,1,395
74,15,0,0,1,1,395
74,16,0,0,1,1,395
74,17,0,0,1,1,395
74,18,0,0,1,1,395
74,19,0,0,1,1,395
74,20,0,0,1,1,395
75,1,0,400,1,1,395
75,2,0,0,1,1,394
75,3,0,0,1,1,395
75,4,0,0,1,1,395
75,5,0,0,1,1,395
75,6,0,0,1,1,395
75,7,0,0,1,1,395
75,8,0,0,1,1,395
75,9,0,0,1,1,395
75,10,0,0,1,1,394
75,11,0,0,1,1,395
75,12,0,0,1,1,395
75,13,0,0,1,1,395
75,14,0,0,1,1,394
75,15,0,0,1,1,394
75,16,0,0,1,1,395
75,17,0,0,1,1,395
75,18,0,0,1,1,395
75,19,0,0,1,1,395
75,20,0,0,1,1,395
76,1,0,400,1,1,390
76,2,0,0,1,1,395
76,3,0,0,1,1,395
76,4,0,0,1,1,395
76,5,0,0,1,1,395
76,6,0,0,1,1,395
76,7,0,0,1,1,395
76,8,0,0,1,1,395
76,9,0,0,1,1,395
76,10,0,0,1,1,395
76,11,0,0,1,1,395
76,12,0,0,1,1,395
76,13,0,0,1,1,395
76,14,0,0,1,1,395
76,15,0,0,1,1,395
76,16,0,0,1,1,395
76,17,0,0,1,1,394
76,18,0,0,1,1,395
76,19,0,0,1,1,395
76,20,0,0,1,1,394
77,1,0,400,1,1,397
77,2,0,0,1,1,394
77,3,0,0,1,1,395
77,4,0,0,1,1,395
77,5,0,0,1,1,395
77,6,0,0,1,1,395
77,7,0,0,1,1,395
77,8,0,0,1,1,393
77,9,0,0,1,1,395
77,10,0,0,1,1,395
77,11,0,0,1,1,395
77,12,0,0,1,1,395
77,13,0,0,1,1,395
77,14,0,0,1,1,394
77,15,0,0,1,1,394
77,16,0,0,1,1,395
77,17,0,0,1,1,395
77,18,0,0,1,1,395
77,19,0,0,1,1,395
77,20,0,0,1,1,395
78,1,0,0,1,1,394
78,2,0,0,1,1,395
78,3,0,200,1,1,207
78,4,0,0,1,1,395
78,5,0,0,1,1,395
78,6,0,0,1,1,395
78,7,0,0,1,1,395
78,8,0,0,1,1,395
78,9,0,0,1,1,395
78,10,0,0,1,1,395
78,11,0,0,1,1,395
78,12,0,0,1,1,395
78,13,0,0,1,1,395
78,14,0,0,1,1,395
78,15,0,0,1,1,395
78,16,0,0,1,1,395
78,17,0,0,1,1,395
78,18,0,0,1,1,395
78,19,0,0,1,1,395
78,20,0,0,1,1,395
79,1,0,200,1,1,391
79,2,0,0,1,1,395
79,3,0,0,1,1,395
79,4,0,0,1,1,395
79,5,0,0,1,1,395
79,6,0,0,1,1,395
79,7,0,0,1,1,395
79,8,0,0,1,1,395
79,9,0,0,1,1,395
79,10,0,0,1,1,395
79,11,0,0,1,1,395
79,12,0,0,1,1,395
79,13,0,0,1,1,395
79,14,0,0,1,1,395
79,15,0,0,1,1,395
79,16,0,0,1,1,395
79,17,0,0,1,1,395
79,18,0,0,1,1,395
79,19,0,0,1,1,395
79,20,0,0,1,1,395
80,1,0,0,1,1,395
80,2,0,0,1,1,395
80,3,0,0,1,1,395
80,4,0,0,1,1,395
80,5,0,0,1,1,395
80,6,0,0,1,1,395
80,7,0,0,1,1,395
80,8,0,0,1,1,395
80,9,0,0,1,1,395
80,10,0,0,1,1,395
80,11,0,0,1,1,395
80,12,0,0,1,1,395
80,13,0,0,1,1,395
80,14,0,0,1,1,395
80,15,0,0,1,1,395
80,16,0,0,1,1,395
80,17,0,0,1,1,395
80,18,0,0,1,1,395
80,19,0,0,1,1,394
80,20,0,0,1,1,395
81,1,0,0,1,1,394
81,2,0,0,1,1,392
81,3,0,0,1,1,395
81,4,0,0,1,1,395
81,5,0,0,1,1,394
81,6,0,0,1,1,394
81,7,0,0,1,1,394
81,8,0,0,1,1,395
81,9,0,0,1,1,395
81,10,0,0,1,1,394
81,11,0,0,1,1,395
81,12,0,0,1,1,395
81,13,0,0,1,1,395
81,14,0,0,1,1,395
81,15,0,0,1,1,394
81,16,0,0,1,1,395
81,17,0,0,1,1,395
81,18,0,0,1,1,395
81,19,0,0,1,1,395
81,20,0,0,1,1,394
82,1,0,0,1,1,394
82,2,3,1300,1,1,387
82,3,0,300,1,1,395
82,4,0,100,1,1,395
82,5,0,0,1,1,395
82,6,0,0,1,1,395
82,7,0,0,1,1,395
82,8,0,100,1,1,395
82,9,0,200,1,1,322
82,10,0,0,1,1,395
82,11,0,0,1,1,395
82,12,0,700,1,1,319
82,13,0,0,1,1,395
82,14,0,0,1,1,395
82,15,0,0,1,1,395
82,16,0,0,1,1,395
82,17,0,0,1,1,395
82,18,0,0,1,1,395
82,19,0,0,1,1,395
82,20,0,400,1,1,397
83,1,0,500,1,1,395
83,2,0,0,1,1,395
83,3,0,0,1,1,395
83,4,0,0,1,1,395
83,5,0,0,1,1,395
83,6,0,0,1,1,395
83,7,0,0,1,1,395
83,8,0,0,1,1,395
83,9,0,0,1,1,395
83,10,0,0,1,1,395
83,11,0,0,1,1,395
83,12,0,200,1,1,321
83,13,0,400,1,1,219
83,14,0,0,1,1,395
83,15,0,0,1,1,395
83,16,0,0,1,1,395
83,17,0,0,1,1,395
83,18,0,0,1,1,395
83,19,0,0,1,1,395
83,20,0,0,1,1,395
84,1,1,600,1,1,395
84,2,0,200,1,1,393
84,3,0,0,1,1,395
84,4,0,0,1,1,395
84,5,0,0,1,1,395
84,6,0,0,1,1,395
84,7,0,0,1,1,395
84,8,0,0,1,1,394
84,9,0,200,1,1,395
84,10,0,100,1,1,395
84,11,0,0,1,1,395
84,12,0,0,1,1,395
84,13,0,0,1,1,395
84,14,0,0,1,1,395
84,15,0,0,1,1,395
84,16,0,0,1,1,395
84,17,0,0,1,1,395
84,18,0,100,1,1,395
84,19,2,500,1,1,388
84,20,1,500,1,1,395
85,1,0,200,1,1,394
85,2,0,0,1,1,395
85,3,0,0,1,1,395
85,4,0,0,1,1,395
85,5,0,0,1,1,395
85,6,0,0,1,1,395
85,7,0,0,1,1,395
85,8,0,0,1,1,395
85,9,0,0,1,1,395
85,10,0,0,1,1,395
85,11,0,0,1,1,395
85,12,0,0,1,1,394
85,13,0,0,1,1,395
85,14,0,0,1,1,395
85,15,0,0,1,1,394
85,16,0,0,1,1,395
85,17,0,0,1,1,395
85,18,0,0,1,1,395
85,19,0,0,1,1,394
85,20,0,0,1,1,395
86,1,0,100,1,1,344
86,2,0,0,1,1,395
86,3,0,0,1,1,394
86,4,0,0,1,1,394
86,5,0,0,1,1,394
86,6,0,0,1,1,395
86,7,0,0,1,1,395
86,8,0,0,1,1,395
86,9,0,0,1,1,395
86,10,0,0,1,1,395
86,11,0,0,1,1,394
86,12,0,0,1,1,395
86,13,0,0,1,1,395
86,14,0,0,1,1,395
86,15,0,0,1,1,395
86,16,0,0,1,1,395
86,17,0,0,1,1,394
86,18,0,0,1,1,395
86,19,0,0,1,1,394
86,20,0,0,1,1,395
87,1,0,100,1,1,391
87,2,0,100,1,1,385
87,3,0,0,1,1,394
87,4,0,0,1,1,395
87,5,0,0,1,1,395
87,6,0,0,1,1,395
87,7,0,200,1,1,331
87,8,1,500,1,1,394
87,9,0,100,1,1,393
87,10,1,800,1,1,398
87,11,0,500,1,1,393
87,12,1,200,1,1,366
87,13,0,0,1,1,394
87,14,0,200,1,1,395
87,15,0,0,1,1,395
87,16,0,0,1,1,395
87,17,0,0,1,1,395
87,18,0,0,1,1,395
87,19,0,0,1,1,395
87,20,0,0,1,1,395
88,1,0,0,1,1,392
88,2,0,0,1,1,395
88,3,0,0,1,1,395
88,4,0,0,1,1,395
88,5,0,0,1,1,395
88,6,0,0,1,1,395
88,7,0,0,1,1,395
88,8,0,0,1,1,395
88,9,0,0,1,1,395
88,10,0,0,1,1,395
88,11,0,0,1,1,395
88,12,0,0,1,1,395
88,13,0,0,1,1,395
88,14,0,0,1,1,395
88,15,0,0,1,1,395
88,16,0,0,1,1,395
88,17,0,0,1,1,394
88,18,0,0,1,1,395
88,19,0,0,1,1,395
88,20,0,0,1,1,393
89,1,0,100,1,1,394
89,2,0,0,1,1,395
89,3,0,0,1,1,394
89,4,0,0,1,1,395
89,5,0,0,1,1,395
89,6,0,0,1,1,395
89,7,0,0,1,1,395
89,8,0,0,1,1,395
89,9,0,0,1,1,395
89,10,0,0,1,1,395
89,11,0,0,1,1,395
89,12,0,0,1,1,395
89,13,0,0,1,1,395
89,14,0,0,1,1,395
89,15,0,0,1,1,395
89,16,0,0,1,1,394
89,17,0,0,1,1,395
89,18,0,0,1,1,395
89,19,0,0,1,1,395
89,20,0,0,1,1,395
90,1,1,300,1,1,392
90,2,0,0,1,1,395
90,3,0,0,1,1,394
90,4,0,0,1,1,395
90,5,3,700,1,1,395
90,6,1,200,1,1,395
90,7,2,500,1,1,395
90,8,1,500,1,1,395
90,9,0,0,1,1,395
90,10,0,0,1,1,395
90,11,0,0,1,1,395
90,12,0,0,1,1,395
90,13,0,0,1,1,395
90,14,0,0,1,1,395
90,15,0,0,1,1,395
90,16,0,0,1,1,395
90,17,0,0,1,1,395
90,18,0,0,1,1,395
90,19,0,0,1,1,395
90,20,0,0,1,1,395
91,1,0,100,1,1,393
91,2,0,0,1,1,395
91,3,0,0,1,1,395
91,4,0,0,1,1,395
91,5,0,0,1,1,395
91,6,0,0,1,1,394
91,7,0,0,1,1,394
91,8,0,0,1,1,395
91,9,0,0,1,1,395
91,10,0,0,1,1,394
91,11,0,100,1,1,317
91,12,1,300,1,1,315
91,13,0,0,1,1,395
91,14,0,0,1,1,395
91,15,0,0,1,1,395
91,16,0,0,1,1,395
91,17,0,0,1,1,395
91,18,0,0,1,1,394
91,19,0,0,1,1,395
91,20,0,0,1,1,395
92,1,0,200,1,1,372
92,2,0,0,1,1,395
92,3,0,0,1,1,395
92,4,0,0,1,1,395
92,5,0,0,1,1,395
92,6,0,0,1,1,395
92,7,0,0,1,1,394
92,8,0,0,1,1,394
92,9,0,100,1,1,394
92,10,0,0,1,1,395
92,11,0,0,1,1,395
92,12,0,0,1,1,394
92,13,0,0,1,1,395
92,14,0,0,1,1,395
92,15,0,0,1,1,395
92,16,0,0,1,1,395
92,17,0,0,1,1,395
92,18,0,0,1,1,395
92,19,0,0,1,1,395
92,20,0,0,1,1,395
93,1,3,600,1,1,394
93,2,0,0,1,1,395
93,3,0,0,1,1,389
93,4,0,0,1,1,395
93,5,1,300,1,1,386
93,6,0,0,1,1,394
93,7,0,400,1,1,245
93,8,2,800,1,1,398
93,9,0,0,1,1,393
93,10,0,0,1,1,393
93,11,0,0,1,1,393
93,12,0,0,1,1,393
93,13,0,0,1,1,393
93,14,0,0,1,1,393
93,15,0,0,1,1,393
93,16,0,0,1,1,393
93,17,0,0,1,1,393
93,18,0,0,1,1,393
93,19,0,0,1,1,393
93,20,0,0,1,1,393
94,1,1,500,1,1,278
94,2,1,400,1,1,236
94,3,0,0,1,1,395
94,4,0,0,1,1,395
94,5,0,0,1,1,395
94,6,0,0,1,1,395
94,7,0,0,1,1,395
94,8,0,0,1,1,395
94,9,0,0,1,1,395
94,10,0,0,1,1,395
94,11,0,0,1,1,395
94,12,0,0,1,1,395
94,13,0,0,1,1,395
94,14,0,0,1,1,395
94,15,0,0,1,1,395
94,16,0,0,1,1,395
94,17,0,0,1,1,394
94,18,0,0,1,1,395
94,19,0,0,1,1,395
94,20,0,0,1,1,395
95,1,0,200,1,1,395
95,2,0,0,1,1,395
95,3,1,200,1,1,395
95,4,0,0,1,1,359
95,5,0,300,1,1,342
95,6,0,0,1,1,395
95,7,0,0,1,1,395
95,8,0,0,1,1,395
95,9,0,0,1,1,394
95,10,0,0,1,1,394
95,11,0,0,1,1,395
95,12,0,0,1,1,395
95,13,0,0,1,1,395
95,14,0,0,1,1,395
95,15,0,0,1,1,394
95,16,0,0,1,1,395
95,17,0,0,1,1,395
95,18,0,0,1,1,395
95,19,0,0,1,1,394
95,20,0,0,1,1,395
96,1,1,300,1,1,398
96,2,0,0,1,1,395
96,3,0,0,1,1,395
96,4,0,0,1,1,395
96,5,0,0,1,1,395
96,6,0,0,1,1,395
96,7,0,0,1,1,394
96,8,0,0,1,1,394
96,9,0,0,1,1,394
96,10,0,0,1,1,395
96,11,0,0,1,1,395
96,12,0,0,1,1,395
96,13,0,0,1,1,395
96,14,0,0,1,1,395
96,15,0,0,1,1,395
96,16,0,0,1,1,395
96,17,0,0,1,1,395
96,18,0,0,1,1,395
96,19,0,0,1,1,395
96,20,0,0,1,1,395
97,1,1,200,1,1,369
97,2,0,100,1,1,395
97,3,0,0,1,1,395
97,4,0,0,1,1,395
97,5,0,0,1,1,395
97,6,0,100,1,1,361
97,7,4,1600,1,1,396
97,8,1,400,1,1,398
97,9,0,0,1,1,395
97,10,0,0,1,1,395
97,11,0,0,1,1,395
97,12,0,400,1,1,395
97,13,0,0,1,1,395
97,14,0,0,1,1,395
97,15,0,0,1,1,395
97,16,0,500,1,1,292
97,17,0,800,1,1,384
97,18,1,400,1,1,395
97,19,0,0,1,1,395
97,20,0,0,1,1,395
98,1,0,200,1,1,370
98,2,0,0,1,1,395
98,3,0,0,1,1,395
98,4,0,0,1,1,395
98,5,0,0,1,1,395
98,6,0,0,1,1,395
98,7,0,500,1,1,383
98,8,0,500,1,1,279
98,9,0,0,1,1,392
98,10,0,0,1,1,395
98,11,0,0,1,1,395
98,12,0,0,1,1,395
98,13,0,0,1,1,395
98,14,0,0,1,1,395
98,15,0,0,1,1,395
98,16,0,0,1,1,395
98,17,0,0,1,1,395
98,18,0,500,1,1,398
98,19,0,0,1,1,395
98,20,0,500,1,1,329
99,1,0,400,1,1,397
99,2,0,100,1,1,395
99,3,1,200,1,1,395
99,4,1,200,1,1,395
99,5,2,600,1,1,290
99,6,0,400,1,1,331
99,7,0,0,1,1,395
99,8,0,0,1,1,395
99,9,0,0,1,1,395
99,10,0,0,1,1,395
99,11,0,100,1,1,395
99,12,0,0,1,1,395
99,13,0,300,1,1,323
99,14,1,500,1,1,398
99,15,1,900,1,1,386
99,16,0,300,1,1,395
99,17,0,300,1,1,398
99,18,0,100,1,1,395
99,19,0,100,1,1,395
99,20,0,0,1,1,395
100,1,0,500,1,1,298
100,2,0,300,1,1,397
100,3,0,100,1,1,365
100,4,0,0,1,1,395
100,5,0,0,1,1,395
100,6,0,400,1,1,398
100,7,0,300,1,1,340
100,8,0,200,1,1,395
100,9,0,0,1,1,395
100,10,0,400,1,1,394
100,11,0,500,1,1,345
100,12,0,400,1,1,396
100,13,0,100,1,1,353
100,14,0,100,1,1,395
100,15,0,0,1,1,395
100,16,1,300,1,1,395
100,17,0,100,1,1,358
100,18,2,1200,1,1,293
100,19,0,0,1,1,395
100,20,0,0,1,1,395
